Season,Date,DAP,Rain,Tmax,Tmin,Tmean,cum_GDD,IRRAD,Cumulative_Radiation
2024,2024-05-14,1,0,27.551,14.478,20.7769527777778,18.7769527777778,23.56079802,23.56079802
2024,2024-05-15,2,14.91,22.255,13.38,16.7939340277777,33.5708868055555,14.37820242,37.93900044
2024,2024-05-16,3,0.07,20.872,12.889,16.7093444444444,48.28023125,15.50116182,53.44016226
2024,2024-05-17,4,4.81,20.439,12.323,15.8411111111111,62.1213423611111,10.55375256,63.99391482
2024,2024-05-18,5,4.87,23.562,12.849,16.4333243055556,76.5546666666666,15.98846958,79.9823844
2024,2024-05-19,6,1.02,22.381,12.337,15.98673125,90.5413979166666,15.47581986,95.45820426
2024,2024-05-20,7,0.03,22.056,12.288,16.0814784722222,104.622876388889,19.70979234,115.1679966
2024,2024-05-21,8,27.59,24.616,11.714,17.3548555555555,119.977731944444,17.79900042,132.96699702
2024,2024-05-22,9,2.14,19.149,11.901,15.3983041666666,133.376036111111,12.57563856,145.54263558
2024,2024-05-23,10,0,20.082,11.313,15.35785625,146.733892361111,16.92857958,162.47121516
2024,2024-05-24,11,6.20999999999999,17.342,9.71,14.3208888888889,159.05478125,6.72613344,169.1973486
2024,2024-05-25,12,5.16,17.717,10.203,14.9633652777778,172.018146527778,11.01025116,180.20759976
2024,2024-05-26,13,1.8,22.343,9.509,15.6085645833333,185.626711111111,15.76977612,195.97737588
2024,2024-05-27,14,2.82,18.164,11.699,14.4101708333334,198.036881944444,15.5624733,211.53984918
2024,2024-05-28,15,10.5,19.344,9.32,14.0622375,210.099119444444,20.6664561,232.20630528
2024,2024-05-29,16,8.91999999999998,18.52,9.846,15.1802972222222,223.279416666667,16.46287476,248.66918004
2024,2024-05-30,17,0,19.067,9.833,14.7175694444444,235.996986111111,16.92694092,265.59612096
2024,2024-05-31,18,0.64,20.317,12.809,15.53043125,249.527417361111,16.60403256,282.20015352
2024,2024-06-01,19,0.85,18.177,13.76,15.7535104166667,263.280927777778,7.33725768,289.5374112
2024,2024-06-02,20,0,17.265,12.161,14.3898493055556,275.670777083333,18.38836302,307.92577422
2024,2024-06-03,21,0,17.619,11.59,14.4722888888889,288.143065972222,12.47132166,320.39709588
2024,2024-06-04,22,1.45,21.452,13.826,16.7514770833333,302.894543055555,13.89120834,334.28830422
2024,2024-06-05,23,1.47,17.248,6.872,12.8792013888889,313.773744444444,25.24386528,359.5321695
2024,2024-06-06,24,0,17.82,6.07,12.4044013888889,324.178145833333,17.78802894,377.32019844
2024,2024-06-07,25,0,19.839,4.799,13.6244958333333,335.802641666667,26.52727452,403.84747296
2024,2024-06-08,26,0.07,18.997,7.356,13.3932083333333,347.19585,21.16962726,425.01710022
2024,2024-06-09,27,0,17.711,6.597,13.0032895833333,358.199139583333,24.02617626,449.04327648
2024,2024-06-10,28,10.09,15.125,8.865,11.2606027777778,367.459742361111,9.45608178,458.49935826
2024,2024-06-11,29,0.99,16.7,8,11.7336631944445,377.193405555555,21.79157478,480.29093304
2024,2024-06-12,30,0.43,15.618,8.624,11.5701854166667,386.763590972222,16.32850086,496.6194339
2024,2024-06-13,31,0,19.017,9.238,14.2752569444444,399.038847916667,20.84465556,517.46408946
2024,2024-06-14,32,10.93,18.06,12.155,14.8470708333333,411.88591875,8.3269449,525.79103436
2024,2024-06-15,33,0.16,18.384,11.702,14.5971777777778,424.483096527778,13.87207272,539.66310708
2024,2024-06-16,34,3.94,18.028,12.266,14.6700222222222,437.15311875,15.96796818,555.63107526
2024,2024-06-17,35,0,20.909,12.326,16.3073416666667,451.460460416667,22.36569978,577.99677504
2024,2024-06-18,36,10.8099999999999,16.995,11.656,14.8944076388889,464.354868055555,5.52466668,583.52144172
2024,2024-06-19,37,0.03,20.822,10.686,15.8153159722222,478.170184027778,26.67098436,610.19242608
2024,2024-06-20,38,0.51,21.839,9.796,16.4348895833334,492.605073611111,15.52124466,625.71367074
2024,2024-06-21,39,4.51999999999999,19.28,12.052,16.0928715277778,506.697945138889,6.36159018,632.07526092
2024,2024-06-22,40,2.75,20.57,11.653,15.9025138888889,520.600459027778,15.31983318,647.3950941
2024,2024-06-23,41,0,24.017,10.183,17.8433944444444,536.443853472222,22.7370531,670.1321472
2024,2024-06-24,42,0,26.934,11.377,20.1397284722222,554.583581944444,30.26154786,700.39369506
2024,2024-06-25,43,0,28.797,15.424,22.8136131944444,575.397195138889,29.82000582,730.21370088
2024,2024-06-26,44,0,30.126,16.302,23.8874666666666,597.284661805555,30.00128166,760.21498254
2024,2024-06-27,45,0,28.838,16.469,22.9221111111112,618.206772916667,26.94066552,787.15564806
2024,2024-06-28,46,0,21.351,11.91,17.5135277777778,633.720300694444,24.91608348,812.07173154
2024,2024-06-29,47,0.7,26.637,9.5,18.4814819444444,650.201782638889,26.33323752,838.40496906
2024,2024-06-30,48,2.68,22.078,13.682,17.8651659722222,666.066948611111,14.7190833,853.12405236
2024,2024-07-01,49,0.07,19.572,12.012,15.8943652777778,679.961313888889,16.66971642,869.79376878
2024,2024-07-02,50,5.37999999999999,18.771,11.132,15.2228840277778,693.184197916667,13.75228554,883.54605432
2024,2024-07-03,51,4.11,17.13,9.656,13.6543388888889,704.838536805556,12.09644058,895.6424949
2024,2024-07-04,52,5.21,18.426,12.926,15.8525777777778,718.691114583333,27.75472548,923.39722038
2024,2024-07-05,53,0.27,17.871,13.468,15.7484229166667,732.4395375,7.76353644,931.16075682
2024,2024-07-06,54,2.21,20.763,12.237,16.5931756944444,747.032713194444,17.11588734,948.27664416
2024,2024-07-07,55,4.04,19.06,10.927,14.4341875,759.466900694444,16.70109042,964.97773458
2024,2024-07-08,56,0,21.328,10.467,17.0682722222222,774.535172916667,20.61667578,985.59441036
2024,2024-07-09,57,26.98,29.638,15.188,21.3073743055556,793.842547222222,20.21593284,1005.8103432
2024,2024-07-10,58,0.48,23.835,13.262,19.2848076388889,811.127354861111,21.22856712,1027.03891032
2024,2024-07-11,59,0,21.488,13.286,17.3811388888889,826.50849375,24.34128468,1051.380195
2024,2024-07-12,60,26.01,15.457,13.186,14.3144951388889,838.822988888889,5.07213084,1056.45232584
2024,2024-07-13,61,0.66,17.819,10.566,14.6693444444445,851.492333333333,13.75720842,1070.20953426
2024,2024-07-14,62,0,21.636,9.753,16.07460625,865.566939583333,24.03944214,1094.2489764
2024,2024-07-15,63,0.43,25.791,11.43,19.4342104166667,883.00115,24.25891092,1118.50788732
2024,2024-07-16,64,3.42,22.074,15.249,18.2333902777778,899.234540277778,19.06692762,1137.57481494
2024,2024-07-17,65,0,23.404,13.594,18.3470104166667,915.581550694444,21.32144562,1158.89626056
2024,2024-07-18,66,0,27.911,11.967,20.5755076388889,934.157058333333,27.04978284,1185.9460434
2024,2024-07-19,67,0,29.604,15.17,22.3052694444445,954.462327777778,15.86245974,1201.80850314
2024,2024-07-20,68,2.32,30.829,15.444,22.9901291666667,975.452456944444,25.16801394,1226.97651708
2024,2024-07-21,69,8.75999999999999,23.046,15.852,19.7457361111111,993.198193055555,9.37914816,1236.35566524
2024,2024-07-22,70,0,23.674,13.293,18.9846631944444,1010.18285625,21.20528628,1257.56095152
2024,2024-07-23,71,10.48,22.324,15.472,18.8685270833333,1027.05138333333,14.91208932,1272.47304084
2024,2024-07-24,72,0,21.451,11.635,17.4627631944444,1042.51414652778,19.96623936,1292.4392802
2024,2024-07-25,73,1.05,24.318,10.898,18.7187576388889,1059.23290416667,14.36954964,1306.80882984
2024,2024-07-26,74,2.72,22.91,14.848,19.3296854166667,1076.56258958333,18.69441024,1325.50324008
2024,2024-07-27,75,0,23.295,11.836,18.2836597222222,1092.84624930556,18.026763,1343.53000308
2024,2024-07-28,76,0,23.721,13.276,18.3945152777778,1109.24076458333,23.9691999,1367.49920298
2024,2024-07-29,77,0,26.421,11.292,19.8810604166667,1127.121825,27.4666833,1394.96588628
2024,2024-07-30,78,0,30.17,14.779,22.7752616562282,1147.89708665623,25.46791032,1420.4337966
2024,2024-07-31,79,0,28.606,15.086,21.5584465277778,1167.45553318401,20.3232588,1440.7570554
2024,2024-08-01,80,0.22,22.457,15.228,19.1423777777778,1184.59791096178,7.59313014,1448.35018554
2024,2024-08-02,81,0,26.408,13.196,19.75106875,1202.34897971178,24.75233928,1473.10252482
2024,2024-08-03,82,1.3,24.289,16.051,19.8125097222222,1220.16148943401,14.35102908,1487.4535539
2024,2024-08-04,83,0,21.045,15.138,18.0124972222222,1236.17398665623,14.77158654,1502.22514044
2024,2024-08-05,84,0,24.645,13.431,19.3672069444445,1253.54119360067,23.8027092,1526.02784964
2024,2024-08-06,85,0,29.402,12.045,21.4913965277778,1273.03259012845,23.58704286,1549.6148925
2024,2024-08-07,86,18.43,23.44,15.947,18.992275,1290.02486512845,16.17651978,1565.79141228
2024,2024-08-08,87,0,23.929,15.987,19.8723402777778,1307.89720540623,21.12354504,1586.91495732
2024,2024-08-09,88,0.48,24.037,14.078,20.2496048611111,1326.14681026734,14.08656114,1601.00151846
2024,2024-08-10,89,0,24.954,14.315,19.9590902777778,1344.10590054512,21.88605444,1622.8875729
2024,2024-08-11,90,0,27.87,14.921,21.7594840277778,1363.86538457289,25.0583784,1647.9459513
2024,2024-08-12,91,0,31.405,15.112,24.2552340277778,1386.12061860067,24.29819742,1672.24414872
2024,2024-08-13,92,0,31.494,19.816,25.024475,1409.14509360067,22.57337658,1694.8175253
2024,2024-08-14,93,0.07,24.969,17.112,21.0485805555556,1428.19367415623,10.05442422,1704.87194952
2024,2024-08-15,94,0,25.951,17.135,21.1649888888889,1447.35866304512,20.29989042,1725.17183994
2024,2024-08-16,95,4.57,21.63,18.143,19.5757618055555,1464.93442485067,7.27064442,1732.44248436
2024,2024-08-17,96,0.81,23.973,15.459,19.0521833333334,1481.98660818401,23.37652278,1755.81900714
2024,2024-08-18,97,0,23.782,11.003,18.0003041666667,1497.98691235067,15.7485645,1771.56757164
2024,2024-08-19,98,0,23.247,9.2,16.5896361111111,1512.57654846178,20.43099882,1791.99857046
2024,2024-08-20,99,13.02,24.287,13.148,17.9551,1528.53164846178,15.2521491,1807.25071956
2024,2024-08-21,100,0,19.991,11.401,15.4693527777778,1542.00100123956,19.12009266,1826.37081222
2024,2024-08-22,101,0,23.422,11.562,18.2439888888889,1558.24499012845,17.55779388,1843.9286061
2024,2024-08-23,102,0.05,23.38,14.622,19.3184826388889,1575.56347276734,11.57015814,1855.49876424
2024,2024-08-24,103,0,17.078,13.459,15.8167182320442,1589.38019099938,,
2024,2024-08-25,104,0.19,20.472,12.014,15.612843902439,1602.99303490182,7.95878466,1863.4575489
2024,2024-08-26,105,0,21.697,11.325,16.3071727912432,1617.30020769307,14.745162,1878.2027109
2024,2024-08-27,106,0,25.112,9.937,17.3386916666666,1632.63889935973,20.76600378,1898.96871468
2024,2024-08-28,107,0,29.055,9.683,20.0644458333333,1650.70334519307,20.75042052,1919.7191352
2024,2024-08-29,108,0,26.144,14.228,19.9816520833334,1668.6849972764,18.98134644,1938.70048164
2024,2024-08-30,109,0.05,22.579,14.837,17.8458708333333,1684.53086810973,11.04957228,1949.75005392
2024,2024-08-31,110,0.36,23.567,14.571,18.7680333333333,1701.29890144307,18.64057332,1968.39062724
2024,2024-09-01,111,0,29.179,15.199,22.51874375,1721.81764519307,19.30407738,1987.69470462
2024,2024-09-02,112,0,29.447,16.797,22.89066875,1742.70831394307,16.9587855,2004.65349012
2024,2024-09-03,113,2.66,23.593,15.788,20.3034256944445,1761.01173963751,8.02655772,2012.68004784
2024,2024-09-04,114,0.47,21.609,14.779,18.2600097222222,1777.27174935973,8.32546434,2021.00551218
2024,2024-09-05,115,0.03,29.023,13.801,22.0677270833333,1797.33947644307,14.70626628,2035.71177846
2024,2024-09-06,116,13.13,27.659,16.982,21.6065763888889,1816.94605283195,14.51344542,2050.22522388
2024,2024-09-07,117,0,27.192,16.195,21.3631208333333,1836.30917366529,16.94534538,2067.17056926
2024,2024-09-08,118,0.23,22.338,12.776,18.9522954545455,1853.26146911983,16.1218818,2083.29245106
2025,2025-05-07,0,0,17.489,6.431,11.0863027777778,9.08630277777777,15.05255532,15.05255532
2025,2025-05-08,1,0,18.96,3.893,11.9178895833333,19.0041923611111,18.4796475,33.53220282
2025,2025-05-09,2,0,20.641,4,13.6178388888889,30.62203125,27.61090122,61.14310404
2025,2025-05-10,3,0,22.732,4.151,15.5229666666667,44.1449979166666,27.8142639,88.95736794
2025,2025-05-11,4,0,25.189,6.732,17.9590229166667,60.1040208333333,27.74329578,116.70066372
2025,2025-05-12,5,0,24.21,12.015,18.4596631944445,76.5636840277778,27.87804312,144.57870684
2025,2025-05-13,6,0,23.294,8.652,16.3559847222222,90.91966875,28.91080866,173.4895155
2025,2025-05-14,7,0,20.705,6.193,13.6551736111111,102.574842361111,25.49778108,198.98729658
2025,2025-05-15,8,0,19.992,7.133,13.7754111111111,114.350253472222,27.68444718,226.67174376
2025,2025-05-16,9,0,18.365,3.682,11.5823243055556,123.932577777778,27.53386812,254.20561188
2025,2025-05-17,10,0,19.115,4.851,12.6792208333333,134.611798611111,28.44140448,282.64701636
2025,2025-05-18,11,0,18.256,7.299,13.5516375,146.163436111111,15.1629114,297.80992776
2025,2025-05-19,12,0,22.682,4.394,14.6212013888889,158.7846375,29.069382,326.87930976
2025,2025-05-20,13,0,21.689,6.926,14.8453180555555,171.629955555556,28.86935784,355.7486676
2025,2025-05-21,14,0.03,18.933,4.36,12.3926763888889,182.022631944444,20.61269766,376.36136526
2025,2025-05-22,15,0,15.392,4.987,10.6003534722222,190.622985416667,24.80474388,401.16610914
2025,2025-05-23,16,1.13,13.901,4.132,9.39907777777776,198.022063194444,19.70436018,420.87046932
2025,2025-05-24,17,6.49999999999999,15.009,4.894,11.9228576388889,207.944920833333,8.49870126,429.36917058
2025,2025-05-25,18,2.1,18.954,9.943,15.2840402777778,221.228961111111,14.07768558,443.44685616
2025,2025-05-26,19,0,18.802,11.515,15.1277305555556,234.356691666667,21.79000104,465.2368572
2025,2025-05-27,20,15.82,18.415,11.91,14.2654458333333,246.6221375,8.94036234,474.17721954
2025,2025-05-28,21,2.62,18.923,7.47,14.8286729166666,259.450810416667,17.91132198,492.08854152
2025,2025-05-29,22,0.92,19.303,5.904,14.2741166666667,271.724927083333,8.1022098,500.19075132
2025,2025-05-30,23,0,23.078,10.49,17.3584826388889,287.083409722222,18.8866581,519.07740942
2025,2025-05-31,24,7.95,26.058,8.861,18.7986965277778,303.88210625,23.0399727,542.11738212
2025,2025-06-01,25,0,19.728,9.747,16.6808166666667,318.562922916667,15.477618,557.59500012
2025,2025-06-02,26,0.13,19.923,6.731,13.9005673611111,330.463490277778,21.81881436,579.41381448
2025,2025-06-03,27,0.04,22.529,6.301,15.8932652777778,344.356755555556,20.82376218,600.23757666
2025,2025-06-04,28,0.74,19.111,8.248,14.7996902777778,357.156445833333,13.95021888,614.18779554
2025,2025-06-05,29,7.28999999999999,18.389,8.668,14.4480173611111,369.604463194445,13.2349263,627.42272184
2025,2025-06-06,30,4.06,20.333,12.419,15.5938381944444,383.198301388889,18.3418374,645.76455924
2025,2025-06-07,31,9.15999999999998,18.011,11.164,13.7669583333333,394.965259722222,13.78334454,659.54790378
2025,2025-06-08,32,5.70999999999999,15.125,8.269,12.3790166666667,405.344276388889,17.10239574,676.65029952
2025,2025-06-09,33,1.06,19.291,9.872,14.5265527777778,417.870829166667,19.61382594,696.26412546
2025,2025-06-10,34,2.61,18.619,8.066,13.9390722222222,429.809901388889,12.13676202,708.40088748
2025,2025-06-11,35,0,21.242,4.332,14.2617347222222,442.071636111111,28.35714558,736.75803306
2025,2025-06-12,36,0,27.55,10.96,20.3938847222222,460.465520833333,29.9135532,766.67158626
2025,2025-06-13,37,0,31.911,17.491,25.2096284722222,483.675149305556,28.016886,794.68847226
2025,2025-06-14,38,1.53,28.219,16.2,23.0776993055555,504.752848611111,17.75303874,812.441511
2025,2025-06-15,39,0,22.525,10.851,17.5967416666667,520.349590277778,23.66547684,836.10698784
2025,2025-06-16,40,0,23.554,10.112,17.2933645833333,535.642954861111,25.01457444,861.12156228
2025,2025-06-17,41,0.42,25.743,8.012,17.9834395833333,551.626394444444,28.20896754,889.33052982
2025,2025-06-18,42,0,26.874,9.088,19.1548347222222,568.781229166667,29.08963536,918.42016518
2025,2025-06-19,43,0,24.611,10.082,18.3182472222222,585.099476388889,28.90137438,947.32153956
2025,2025-06-20,44,0,26,10.036,18.8958583333333,601.995334722222,29.90505276,977.22659232
2025,2025-06-21,45,0,30.376,9.441,21.3334743055555,621.328809027778,30.42259002,1007.64918234
2025,2025-06-22,46,0.1,28.93,14.117,22.0716701388889,641.400479166667,18.9495942,1026.59877654
2025,2025-06-23,47,0.42,20.64,15.532,18.2876909722222,657.688170138889,22.48033806,1049.0791146
2025,2025-06-24,48,0,21.794,13.039,17.6700784722222,673.358248611111,13.25393478,1062.33304938
2025,2025-06-25,49,0,26.046,16.634,21.0496020833333,692.407850694444,24.45349662,1086.786546
2025,2025-06-26,50,4.30999999999999,23.194,16.85,20.1042479166666,710.512098611111,13.7797767,1100.5663227
2025,2025-06-27,51,2.31,23.117,13.935,18.3227222222222,726.834820833333,17.02254858,1117.58887128
2025,2025-06-28,52,0,25.682,17.792,21.49609375,746.330914583333,18.2146719,1135.80354318
2025,2025-06-29,53,0,27.83,16.501,22.1204034722222,766.451318055556,25.68099858,1161.48454176
2025,2025-06-30,54,0,30.309,13.974,23.0370277777778,787.488345833333,30.20172822,1191.68626998
2025,2025-07-01,55,0,35.887,15.226,26.6615527777779,812.149898611111,29.50891224,1221.19518222
2025,2025-07-02,56,3,34.108,15.107,23.8090979166667,833.958996527778,25.59310446,1246.78828668
2025,2025-07-03,57,0,22.421,9.776,17.2339354166667,849.192931944445,27.34619868,1274.13448536
2025,2025-07-04,58,0,24.778,7.277,17.7588305555555,864.9517625,29.33716578,1303.47165114
2025,2025-07-05,59,0.61,21.995,14.004,18.3268069444444,881.278569444445,12.2171655,1315.68881664
2025,2025-07-06,60,13.6,19.474,15.558,17.2912694444445,896.569838888889,7.36188138,1323.05069802
2025,2025-07-07,61,0.13,19.79,11.322,15.8321458333333,910.401984722222,15.28527618,1338.3359742
2025,2025-07-08,62,0,19.846,9.839,15.2379013888889,923.639886111111,16.79290794,1355.12888214
2025,2025-07-09,63,0,23.229,10.424,17.0584625,938.698348611111,22.68270174,1377.81158388
2025,2025-07-10,64,0,24.02,10.212,17.9076430555556,954.605991666667,22.71940662,1400.5309905
2025,2025-07-11,65,0,24.609,11.972,18.5458430555555,971.151834722222,24.49695288,1425.02794338
2025,2025-07-12,66,0,26.552,13.24,20.2724208333333,989.424255555556,27.2079792,1452.23592258
2025,2025-07-13,67,0,25.54,15.624,19.8291819444444,1007.2534375,15.62145612,1467.8573787
2025,2025-07-14,68,0,25.796,14.009,20.3720729166667,1025.62551041667,20.24977302,1488.10715172
2025,2025-07-15,69,1.96,22.805,14.847,18.4274486111111,1042.05295902778,17.81824506,1505.92539678
2025,2025-07-16,70,6.90999999999999,20.882,14.098,17.3472381944445,1057.40019722222,19.62823902,1525.5536358
2025,2025-07-17,71,0.03,23.677,10.074,18.0900590277778,1073.49025625,19.37338068,1544.92701648
2025,2025-07-18,72,0,27.535,10.304,19.9736409722222,1091.46389722222,23.84802684,1568.77504332
2025,2025-07-19,73,0.16,30.206,15.942,23.5660819444445,1113.02997916667,21.09492864,1589.86997196
2025,2025-07-20,74,1.62,27.38,15.331,20.5668083333333,1131.5967875,15.00490632,1604.87487828
2025,2025-07-21,75,3.85,24.933,13.818,18.7024222222222,1148.29920972222,19.49312376,1624.36800204
2025,2025-07-22,76,0.16,23.679,16.279,19.0482527777778,1165.3474625,16.3179576,1640.68595964
2025,2025-07-23,77,7.63,21.649,14.667,18.2980590277778,1181.64552152778,8.48582754,1649.17178718
2025,2025-07-24,78,0,23.995,11.257,18.1665277777778,1197.81204930556,19.19300586,1668.36479304
2025,2025-07-25,79,3.81,21.901,11.717,17.7814298611111,1213.59347916667,11.23072974,1679.59552278
2025,2025-07-26,80,0,25.657,11.298,19.1149194444445,1230.70839861111,17.64367434,1697.23919712
2025,2025-07-27,81,0.33,21.248,13.951,17.4059868055556,1246.11438541667,11.63880594,1708.87800306
2025,2025-07-28,82,4.35,20.809,12.05,16.1733215277778,1260.28770694444,13.68541734,1722.5634204
2025,2025-07-29,83,0.09,21.893,12.945,17.3795458333334,1275.66725277778,17.35527516,1739.91869556
2025,2025-07-30,84,0.6,22.269,9.953,16.9450944444445,1290.61234722222,20.34262614,1760.2613217
2025,2025-07-31,85,1.66,22.91,13.567,18.0806958333333,1306.69304305556,12.92359302,1773.18491472
2025,2025-08-01,86,7.57,20.657,13.541,16.6504,1321.34344305556,16.81184412,1789.99675884
2025,2025-08-02,87,6.40999999999999,20.291,14.178,16.2084180555556,1335.55186111111,11.62445814,1801.62121698
2025,2025-08-03,88,3.38,22.819,14.551,18.4313777777778,1351.98323888889,19.98955686,1821.61077384
2025,2025-08-04,89,5.86999999999999,24.348,15.623,20.1089527777778,1370.09219166667,15.0135915,1836.62436534
2025,2025-08-05,90,2.52,20.455,11.348,16.3154833333333,1384.407675,21.32318934,1857.94755468
2025,2025-08-06,91,0.11,21.503,11.3,16.6004819444445,1399.00815694444,21.54119502,1879.4887497
2025,2025-08-07,92,0,24.284,12.895,18.5372944444444,1415.54545138889,17.6982168,1897.1869665
2025,2025-08-08,93,0,23.947,11.88,19.1342805555556,1432.67973194444,16.8230409,1914.0100074
2025,2025-08-09,94,0,24.319,9.421,16.8724319444445,1447.55216388889,24.79435896,1938.80436636
2025,2025-08-10,95,0.11,24.775,10.625,17.69214375,1463.24430763889,21.51504456,1960.31941092
2025,2025-08-11,96,0,29.141,10.396,20.5430472222222,1481.78735486111,24.74178018,1985.0611911
2025,2025-08-12,97,0,31.594,12.446,22.9300611111111,1502.71741597222,21.6780345,2006.7392256
2025,2025-08-13,98,0.03,32.499,14.797,23.7337027777778,1524.45111875,21.20160918,2027.94083478
2025,2025-08-14,99,0.06,31.384,16.283,23.2043479166667,1545.65546666667,16.24928622,2044.190121
2025,2025-08-15,100,0.18,27.955,12.27,20.7441930555556,1564.39965972222,19.5861606,2063.7762816
2025,2025-08-16,101,0,20.749,10.105,17.4501569444444,1579.84981666667,10.03829442,2073.81457602
2025,2025-08-17,102,0.15,20.615,7.413,14.9387270833333,1592.78854375,9.930024,2083.74460002
2025,2025-08-18,103,0,26.144,13.584,19.7305159722222,1610.51905972222,19.80859788,2103.5531979
2025,2025-08-19,104,0,28.206,12.611,19.8748909722222,1628.39395069444,23.04399132,2126.59718922
2025,2025-08-20,105,0.19,24.572,11.167,18.0002909722222,1644.39424166667,20.29014222,2146.88733144
2025,2025-08-21,106,0.03,22.207,9.904,15.5862881944444,1657.98052986111,21.27923346,2168.1665649
2025,2025-08-22,107,0,17.763,13.054,15.1277923611111,1671.10832222222,8.12090964,2176.28747454
2025,2025-08-23,108,1.6,19.533,6.669,14.2859993055556,1683.39432152778,14.58763992,2190.87511446
2025,2025-08-24,109,0.1,20.989,3.758,12.7204090277778,1694.11473055556,18.59933292,2209.47444738
2025,2025-08-25,110,0.08,23.437,4.574,14.6222868055556,1706.73701736111,20.62810614,2230.10255352
2025,2025-08-26,111,0,27.201,7.228,18.4599229166666,1723.19694027778,15.81754164,2245.92009516
2025,2025-08-27,112,0,25.599,13.44,19.4907765151515,1740.68771679293,19.01114556,2264.93124072
