Season,Block,Treatment,PlotID,Date,DAP,Organ,value
2024,1,AC,2,2024-06-24,42,dead_canopy,0
2024,1,HE,3,2024-06-24,42,dead_canopy,0
2024,2,AC,4,2024-06-24,42,dead_canopy,0
2024,2,HE,6,2024-06-24,42,dead_canopy,0
2024,3,HE,7,2024-06-24,42,dead_canopy,0
2024,3,AC,9,2024-06-24,42,dead_canopy,0
2024,4,AC,10,2024-06-24,42,dead_canopy,0
2024,4,HE,11,2024-06-24,42,dead_canopy,0
2024,1,AC,2,2024-07-05,53,dead_canopy,0
2024,1,HE,3,2024-07-05,53,dead_canopy,0
2024,2,AC,4,2024-07-05,53,dead_canopy,0
2024,2,HE,6,2024-07-05,53,dead_canopy,0
2024,3,HE,7,2024-07-05,53,dead_canopy,0
2024,3,AC,9,2024-07-05,53,dead_canopy,0
2024,4,AC,10,2024-07-05,53,dead_canopy,0
2024,4,HE,11,2024-07-05,53,dead_canopy,0
2024,1,HTI,1,2024-07-15,63,dead_canopy,6.34656797294878
2024,1,AC,2,2024-07-15,63,dead_canopy,7.63635361256389
2024,2,AC,4,2024-07-15,63,dead_canopy,3.98952271538978
2024,2,HTI,5,2024-07-15,63,dead_canopy,1.97645457231441
2024,3,HTI,8,2024-07-15,63,dead_canopy,2.9910355725132
2024,3,AC,9,2024-07-15,63,dead_canopy,5.54009064688917
2024,4,AC,10,2024-07-15,63,dead_canopy,7.64573268921095
2024,4,HTI,12,2024-07-15,63,dead_canopy,4.74246273649393
2024,1,HTI,1,2024-07-29,77,dead_canopy,8.16694148323476
2024,1,AC,2,2024-07-29,77,dead_canopy,4.66194015936237
2024,1,HE,3,2024-07-29,77,dead_canopy,4.77478691470015
2024,2,AC,4,2024-07-29,77,dead_canopy,10.6893484594629
2024,2,HTI,5,2024-07-29,77,dead_canopy,12.6175627240143
2024,2,HE,6,2024-07-29,77,dead_canopy,5.00963937731679
2024,3,HE,7,2024-07-29,77,dead_canopy,9.93518149829371
2024,3,HTI,8,2024-07-29,77,dead_canopy,7.26353702499378
2024,3,AC,9,2024-07-29,77,dead_canopy,8.52916273267248
2024,4,AC,10,2024-07-29,77,dead_canopy,3.68539412167037
2024,4,HE,11,2024-07-29,77,dead_canopy,5.75947580350437
2024,4,HTI,12,2024-07-29,77,dead_canopy,3.58481471073357
2024,1,HTI,1,2024-08-19,98,dead_canopy,183.598473055177
2024,1,AC,2,2024-08-19,98,dead_canopy,113.915429748048
2024,1,HE,3,2024-08-19,98,dead_canopy,99.3111606240653
2024,2,AC,4,2024-08-19,98,dead_canopy,97.8516122533587
2024,2,HTI,5,2024-08-19,98,dead_canopy,85.8602342212678
2024,2,HE,6,2024-08-19,98,dead_canopy,46.2374707091719
2024,3,HE,7,2024-08-19,98,dead_canopy,119.842978963277
2024,3,HTI,8,2024-08-19,98,dead_canopy,31.9539619507384
2024,3,AC,9,2024-08-19,98,dead_canopy,45.1940217534434
2024,4,AC,10,2024-08-19,98,dead_canopy,69.3404089588521
2024,4,HE,11,2024-08-19,98,dead_canopy,108.720118665566
2024,4,HTI,12,2024-08-19,98,dead_canopy,73.6993538889343
2024,1,HTI,1,2024-09-08,118,dead_canopy,223.037895621221
2024,1,AC,2,2024-09-08,118,dead_canopy,275.84243089226
2024,1,HE,3,2024-09-08,118,dead_canopy,167.85690888265
2024,2,AC,4,2024-09-08,118,dead_canopy,229.430452959053
2024,2,HTI,5,2024-09-08,118,dead_canopy,300.734952145143
2024,2,HE,6,2024-09-08,118,dead_canopy,244.952473641525
2024,3,HE,7,2024-09-08,118,dead_canopy,196.438242338297
2024,3,HTI,8,2024-09-08,118,dead_canopy,215.973685152199
2024,3,AC,9,2024-09-08,118,dead_canopy,191.899472943277
2024,4,AC,10,2024-09-08,118,dead_canopy,130.399923718799
2024,4,HE,11,2024-09-08,118,dead_canopy,197.596274576326
2024,4,HTI,12,2024-09-08,118,dead_canopy,189.856166532798
2025,1,HB,1,2025-07-02,56,dead_canopy,3.35555555555556
2025,1,AC,2,2025-07-02,56,dead_canopy,2.77777777777778
2025,1,HTI,3,2025-07-02,56,dead_canopy,3.45925925925926
2025,2,AC,4,2025-07-02,56,dead_canopy,7.06666666666667
2025,2,HB,5,2025-07-02,56,dead_canopy,1.18518518518519
2025,2,HTI,6,2025-07-02,56,dead_canopy,3.1037037037037
2025,3,HTI,7,2025-07-02,56,dead_canopy,8.44444444444445
2025,3,AC,9,2025-07-02,56,dead_canopy,2.45185185185185
2025,4,AC,10,2025-07-02,56,dead_canopy,4.65925925925926
2025,4,HTI,11,2025-07-02,56,dead_canopy,1.42962962962963
2025,4,HB,12,2025-07-02,56,dead_canopy,4.53333333333333
2025,1,HB,1,2025-07-14,68,dead_canopy,8.54074074074074
2025,1,AC,2,2025-07-14,68,dead_canopy,10.1037037037037
2025,1,HTI,3,2025-07-14,68,dead_canopy,4.61481481481482
2025,2,AC,4,2025-07-14,68,dead_canopy,5.9037037037037
2025,2,HB,5,2025-07-14,68,dead_canopy,13.8
2025,2,HTI,6,2025-07-14,68,dead_canopy,7.71111111111111
2025,3,HTI,7,2025-07-14,68,dead_canopy,14.6740740740741
2025,3,AC,9,2025-07-14,68,dead_canopy,4.28888888888889
2025,4,AC,10,2025-07-14,68,dead_canopy,15.3481481481481
2025,4,HTI,11,2025-07-14,68,dead_canopy,14.6148148148148
2025,4,HB,12,2025-07-14,68,dead_canopy,7.54814814814815
2025,1,HB,1,2025-07-29,83,dead_canopy,106.351926904878
2025,1,AC,2,2025-07-29,83,dead_canopy,78.730267744241
2025,1,HTI,3,2025-07-29,83,dead_canopy,58.8163790606249
2025,2,AC,4,2025-07-29,83,dead_canopy,81.8439268963287
2025,2,HB,5,2025-07-29,83,dead_canopy,76.1604057804575
2025,2,HTI,6,2025-07-29,83,dead_canopy,51.6989162929746
2025,3,HTI,7,2025-07-29,83,dead_canopy,69.3744072478179
2025,3,AC,9,2025-07-29,83,dead_canopy,40.8567720285242
2025,4,AC,10,2025-07-29,83,dead_canopy,80.6640972554016
2025,4,HTI,11,2025-07-29,83,dead_canopy,61.3508733624454
2025,4,HB,12,2025-07-29,83,dead_canopy,30.2962962962963
2025,1,HB,1,2025-08-11,96,dead_canopy,227.1049821395
2025,1,AC,2,2025-08-11,96,dead_canopy,211.533256968309
2025,1,HTI,3,2025-08-11,96,dead_canopy,211.775321435425
2025,2,AC,4,2025-08-11,96,dead_canopy,227.293465192942
2025,2,HB,5,2025-08-11,96,dead_canopy,164.207588075881
2025,2,HTI,6,2025-08-11,96,dead_canopy,188.122038870554
2025,3,HTI,7,2025-08-11,96,dead_canopy,230.1994661328
2025,3,AC,9,2025-08-11,96,dead_canopy,180.973008130081
2025,4,AC,10,2025-08-11,96,dead_canopy,184.089319151065
2025,4,HTI,11,2025-08-11,96,dead_canopy,222.694843007038
2025,4,HB,12,2025-08-11,96,dead_canopy,144.827783722986
2025,1,HB,1,2025-08-26,111,dead_canopy,188.414944314944
2025,1,AC,2,2025-08-26,111,dead_canopy,200.604835390947
2025,1,HTI,3,2025-08-26,111,dead_canopy,164.467973856209
2025,2,AC,4,2025-08-26,111,dead_canopy,201.921885521886
2025,2,HB,5,2025-08-26,111,dead_canopy,141.498783454988
2025,2,HTI,6,2025-08-26,111,dead_canopy,174.035066981876
2025,3,HTI,7,2025-08-26,111,dead_canopy,154.078966620942
2025,3,AC,9,2025-08-26,111,dead_canopy,120.694238683128
2025,4,AC,10,2025-08-26,111,dead_canopy,197.464009047215
2025,4,HTI,11,2025-08-26,111,dead_canopy,201.997563352827
2025,4,HB,12,2025-08-26,111,dead_canopy,157.956296296296
2024,1,AC,2,2024-06-24,42,leaf,44.4739863432879
2024,1,HE,3,2024-06-24,42,leaf,41.0077046709323
2024,2,AC,4,2024-06-24,42,leaf,50.4155096301625
2024,2,HE,6,2024-06-24,42,leaf,38.2230919292567
2024,3,HE,7,2024-06-24,42,leaf,56.7322465009225
2024,3,AC,9,2024-06-24,42,leaf,32.8106679617431
2024,4,AC,10,2024-06-24,42,leaf,26.556565534001
2024,4,HE,11,2024-06-24,42,leaf,44.0596591483767
2024,1,AC,2,2024-07-05,53,leaf,81.0924950320921
2024,1,HE,3,2024-07-05,53,leaf,122.961542468176
2024,2,AC,4,2024-07-05,53,leaf,137.321239950814
2024,2,HE,6,2024-07-05,53,leaf,142.867314327323
2024,3,HE,7,2024-07-05,53,leaf,139.30458883422
2024,3,AC,9,2024-07-05,53,leaf,151.753203801179
2024,4,AC,10,2024-07-05,53,leaf,117.284688830433
2024,4,HE,11,2024-07-05,53,leaf,131.964639670873
2024,1,HTI,1,2024-07-15,63,leaf,171.388218812064
2024,1,AC,2,2024-07-15,63,leaf,146.484407366079
2024,2,AC,4,2024-07-15,63,leaf,211.680012533562
2024,2,HTI,5,2024-07-15,63,leaf,192.393322002044
2024,3,HTI,8,2024-07-15,63,leaf,192.87246590888
2024,3,AC,9,2024-07-15,63,leaf,232.171441833311
2024,4,AC,10,2024-07-15,63,leaf,191.054138644463
2024,4,HTI,12,2024-07-15,63,leaf,191.143304844009
2024,1,HTI,1,2024-07-29,77,leaf,229.387837084871
2024,1,AC,2,2024-07-29,77,leaf,211.986682722281
2024,1,HE,3,2024-07-29,77,leaf,225.746459330333
2024,2,AC,4,2024-07-29,77,leaf,203.81496765011
2024,2,HTI,5,2024-07-29,77,leaf,222.302292807142
2024,2,HE,6,2024-07-29,77,leaf,200.225496293368
2024,3,HE,7,2024-07-29,77,leaf,169.986541574504
2024,3,HTI,8,2024-07-29,77,leaf,157.641552416017
2024,3,AC,9,2024-07-29,77,leaf,189.102446616186
2024,4,AC,10,2024-07-29,77,leaf,167.795531153265
2024,4,HE,11,2024-07-29,77,leaf,190.217000613417
2024,4,HTI,12,2024-07-29,77,leaf,188.476816295539
2024,1,HTI,1,2024-08-19,98,leaf,66.5994589759287
2024,1,AC,2,2024-08-19,98,leaf,93.0303451511816
2024,1,HE,3,2024-08-19,98,leaf,79.1090413419465
2024,2,AC,4,2024-08-19,98,leaf,69.2786208217321
2024,2,HTI,5,2024-08-19,98,leaf,60.8952308655257
2024,2,HE,6,2024-08-19,98,leaf,120.569255184095
2024,3,HE,7,2024-08-19,98,leaf,48.5419287808652
2024,3,HTI,8,2024-08-19,98,leaf,95.7546446789764
2024,3,AC,9,2024-08-19,98,leaf,86.3771560121016
2024,4,AC,10,2024-08-19,98,leaf,53.5916696312107
2024,4,HE,11,2024-08-19,98,leaf,49.3185724059997
2024,4,HTI,12,2024-08-19,98,leaf,105.871696550027
2024,1,HTI,1,2024-09-08,118,leaf,0
2024,1,AC,2,2024-09-08,118,leaf,0
2024,1,HE,3,2024-09-08,118,leaf,0
2024,2,AC,4,2024-09-08,118,leaf,0
2024,2,HTI,5,2024-09-08,118,leaf,0
2024,2,HE,6,2024-09-08,118,leaf,0
2024,3,HE,7,2024-09-08,118,leaf,0
2024,3,HTI,8,2024-09-08,118,leaf,0
2024,3,AC,9,2024-09-08,118,leaf,0
2024,4,AC,10,2024-09-08,118,leaf,0
2024,4,HE,11,2024-09-08,118,leaf,0
2024,4,HTI,12,2024-09-08,118,leaf,0
2025,1,HB,1,2025-07-02,56,leaf,156.515930502296
2025,1,AC,2,2025-07-02,56,leaf,162.033370902602
2025,1,HTI,3,2025-07-02,56,leaf,172.781878005568
2025,2,AC,4,2025-07-02,56,leaf,139.89835090565
2025,2,HB,5,2025-07-02,56,leaf,125.851533576544
2025,2,HTI,6,2025-07-02,56,leaf,155.146296296296
2025,3,HTI,7,2025-07-02,56,leaf,201.042322234419
2025,3,AC,9,2025-07-02,56,leaf,154.635104669887
2025,4,AC,10,2025-07-02,56,leaf,218.103009259259
2025,4,HTI,11,2025-07-02,56,leaf,182.537572649573
2025,4,HB,12,2025-07-02,56,leaf,165.860724321935
2025,1,HB,1,2025-07-14,68,leaf,187.376469723692
2025,1,AC,2,2025-07-14,68,leaf,163.271023575052
2025,1,HTI,3,2025-07-14,68,leaf,197.924879866627
2025,2,AC,4,2025-07-14,68,leaf,178.958252647372
2025,2,HB,5,2025-07-14,68,leaf,135.806452674897
2025,2,HTI,6,2025-07-14,68,leaf,168.90604058297
2025,3,HTI,7,2025-07-14,68,leaf,200.939571150098
2025,3,AC,9,2025-07-14,68,leaf,140.187506909895
2025,4,AC,10,2025-07-14,68,leaf,215.137228862329
2025,4,HTI,11,2025-07-14,68,leaf,157.103703703704
2025,4,HB,12,2025-07-14,68,leaf,172.110938845823
2025,1,HB,1,2025-07-29,83,leaf,87.2962634911262
2025,1,AC,2,2025-07-29,83,leaf,104.030288927671
2025,1,HTI,3,2025-07-29,83,leaf,123.448518824863
2025,2,AC,4,2025-07-29,83,leaf,125.450694444444
2025,2,HB,5,2025-07-29,83,leaf,47.4071469271469
2025,2,HTI,6,2025-07-29,83,leaf,85.6750765265023
2025,3,HTI,7,2025-07-29,83,leaf,89.570602153653
2025,3,AC,9,2025-07-29,83,leaf,110.363418146904
2025,4,AC,10,2025-07-29,83,leaf,156.221653274222
2025,4,HTI,11,2025-07-29,83,leaf,146.183128295255
2025,4,HB,12,2025-07-29,83,leaf,108.599763070252
2025,1,HB,1,2025-08-11,96,leaf,6.14814814814815
2025,1,AC,2,2025-08-11,96,leaf,5.12592592592593
2025,1,HTI,3,2025-08-11,96,leaf,3.41481481481482
2025,2,AC,4,2025-08-11,96,leaf,8.60740740740741
2025,2,HB,5,2025-08-11,96,leaf,0
2025,2,HTI,6,2025-08-11,96,leaf,5.95555555555556
2025,3,HTI,7,2025-08-11,96,leaf,7.45185185185185
2025,3,AC,9,2025-08-11,96,leaf,1.52592592592593
2025,4,AC,10,2025-08-11,96,leaf,28.753925431628
2025,4,HTI,11,2025-08-11,96,leaf,6.8
2025,4,HB,12,2025-08-11,96,leaf,7.74074074074074
2025,1,HB,1,2025-08-26,111,leaf,0
2025,1,AC,2,2025-08-26,111,leaf,0
2025,1,HTI,3,2025-08-26,111,leaf,0
2025,2,AC,4,2025-08-26,111,leaf,0
2025,2,HB,5,2025-08-26,111,leaf,0
2025,2,HTI,6,2025-08-26,111,leaf,0
2025,3,HTI,7,2025-08-26,111,leaf,0
2025,3,AC,9,2025-08-26,111,leaf,0
2025,4,AC,10,2025-08-26,111,leaf,0
2025,4,HTI,11,2025-08-26,111,leaf,0
2025,4,HB,12,2025-08-26,111,leaf,0
2024,1,AC,2,2024-06-24,42,stem,18.1750250307339
2024,1,HE,3,2024-06-24,42,stem,14.4262443294775
2024,2,AC,4,2024-06-24,42,stem,17.6192161194254
2024,2,HE,6,2024-06-24,42,stem,13.9731112177467
2024,3,HE,7,2024-06-24,42,stem,15.2856301945301
2024,3,AC,9,2024-06-24,42,stem,13.278438512258
2024,4,AC,10,2024-06-24,42,stem,16.6481376995141
2024,4,HE,11,2024-06-24,42,stem,17.0866016542486
2024,1,AC,2,2024-07-05,53,stem,36.7453889963558
2024,1,HE,3,2024-07-05,53,stem,44.9851287938292
2024,2,AC,4,2024-07-05,53,stem,52.9687218205754
2024,2,HE,6,2024-07-05,53,stem,49.0834419524865
2024,3,HE,7,2024-07-05,53,stem,47.2609054453621
2024,3,AC,9,2024-07-05,53,stem,47.9902824287953
2024,4,AC,10,2024-07-05,53,stem,43.5866433362496
2024,4,HE,11,2024-07-05,53,stem,52.8295457883528
2024,1,HTI,1,2024-07-15,63,stem,91.9303019108881
2024,1,AC,2,2024-07-15,63,stem,83.3366322471056
2024,2,AC,4,2024-07-15,63,stem,105.913383647894
2024,2,HTI,5,2024-07-15,63,stem,79.441943518799
2024,3,HTI,8,2024-07-15,63,stem,88.1596857697101
2024,3,AC,9,2024-07-15,63,stem,117.32997560513
2024,4,AC,10,2024-07-15,63,stem,101.820611916264
2024,4,HTI,12,2024-07-15,63,stem,101.736578696951
2024,1,HTI,1,2024-07-29,77,stem,127.787880956313
2024,1,AC,2,2024-07-29,77,stem,95.2134208995191
2024,1,HE,3,2024-07-29,77,stem,89.3565985231929
2024,2,AC,4,2024-07-29,77,stem,122.651173972172
2024,2,HTI,5,2024-07-29,77,stem,145.330107526882
2024,2,HE,6,2024-07-29,77,stem,111.149279507972
2024,3,HE,7,2024-07-29,77,stem,82.2411050056188
2024,3,HTI,8,2024-07-29,77,stem,81.3322125073263
2024,3,AC,9,2024-07-29,77,stem,84.9084002584695
2024,4,AC,10,2024-07-29,77,stem,84.2507000465345
2024,4,HE,11,2024-07-29,77,stem,86.2380038046253
2024,4,HTI,12,2024-07-29,77,stem,87.2106520032627
2024,1,HTI,1,2024-08-19,98,stem,85.0939930946858
2024,1,AC,2,2024-08-19,98,stem,89.3019735513446
2024,1,HE,3,2024-08-19,98,stem,83.4696431699069
2024,2,AC,4,2024-08-19,98,stem,93.2451454254652
2024,2,HTI,5,2024-08-19,98,stem,80.0512546211643
2024,2,HE,6,2024-08-19,98,stem,70.2397624407449
2024,3,HE,7,2024-08-19,98,stem,65.7531478869088
2024,3,HTI,8,2024-08-19,98,stem,72.4259617431026
2024,3,AC,9,2024-08-19,98,stem,67.9495105914163
2024,4,AC,10,2024-08-19,98,stem,47.8817781829321
2024,4,HE,11,2024-08-19,98,stem,72.4070184764285
2024,4,HTI,12,2024-08-19,98,stem,66.0524528290456
2024,1,HTI,1,2024-09-08,118,stem,0
2024,1,AC,2,2024-09-08,118,stem,0
2024,1,HE,3,2024-09-08,118,stem,0
2024,2,AC,4,2024-09-08,118,stem,0
2024,2,HTI,5,2024-09-08,118,stem,0
2024,2,HE,6,2024-09-08,118,stem,0
2024,3,HE,7,2024-09-08,118,stem,0
2024,3,HTI,8,2024-09-08,118,stem,0
2024,3,AC,9,2024-09-08,118,stem,0
2024,4,AC,10,2024-09-08,118,stem,0
2024,4,HE,11,2024-09-08,118,stem,0
2024,4,HTI,12,2024-09-08,118,stem,0
2025,1,HB,1,2025-07-02,56,stem,73.4623299134105
2025,1,AC,2,2025-07-02,56,stem,87.357801775858
2025,1,HTI,3,2025-07-02,56,stem,120.421007798786
2025,2,AC,4,2025-07-02,56,stem,71.768750937172
2025,2,HB,5,2025-07-02,56,stem,70.3841472045294
2025,2,HTI,6,2025-07-02,56,stem,83.6679134580125
2025,3,HTI,7,2025-07-02,56,stem,129.678136739294
2025,3,AC,9,2025-07-02,56,stem,72.5805949327213
2025,4,AC,10,2025-07-02,56,stem,93.9575681791116
2025,4,HTI,11,2025-07-02,56,stem,113.685186571821
2025,4,HB,12,2025-07-02,56,stem,82.1252300177323
2025,1,HB,1,2025-07-14,68,stem,75.4428140885984
2025,1,AC,2,2025-07-14,68,stem,75.4370370370371
2025,1,HTI,3,2025-07-14,68,stem,95.5699880525687
2025,2,AC,4,2025-07-14,68,stem,71.5881152263375
2025,2,HB,5,2025-07-14,68,stem,59.666431463618
2025,2,HTI,6,2025-07-14,68,stem,82.4442007375341
2025,3,HTI,7,2025-07-14,68,stem,113.49543602282
2025,3,AC,9,2025-07-14,68,stem,57.9402510808981
2025,4,AC,10,2025-07-14,68,stem,103.318303226024
2025,4,HTI,11,2025-07-14,68,stem,88.0639711741676
2025,4,HB,12,2025-07-14,68,stem,90.3147634537465
2025,1,HB,1,2025-07-29,83,stem,101.007319153943
2025,1,AC,2,2025-07-29,83,stem,81.2978412527322
2025,1,HTI,3,2025-07-29,83,stem,80.1754487510767
2025,2,AC,4,2025-07-29,83,stem,88.271295473251
2025,2,HB,5,2025-07-29,83,stem,56.2979423868313
2025,2,HTI,6,2025-07-29,83,stem,62.6789875451989
2025,3,HTI,7,2025-07-29,83,stem,85.2041741034245
2025,3,AC,9,2025-07-29,83,stem,58.0185439444021
2025,4,AC,10,2025-07-29,83,stem,115.052523420973
2025,4,HTI,11,2025-07-29,83,stem,103.755940818441
2025,4,HB,12,2025-07-29,83,stem,71.0633504761082
2025,1,HB,1,2025-08-11,96,stem,36.762962962963
2025,1,AC,2,2025-08-11,96,stem,28.437037037037
2025,1,HTI,3,2025-08-11,96,stem,20.6074074074074
2025,2,AC,4,2025-08-11,96,stem,33.7111111111111
2025,2,HB,5,2025-08-11,96,stem,0
2025,2,HTI,6,2025-08-11,96,stem,25.8740740740741
2025,3,HTI,7,2025-08-11,96,stem,38.1777777777778
2025,3,AC,9,2025-08-11,96,stem,20.2962962962963
2025,4,AC,10,2025-08-11,96,stem,96.0416781927156
2025,4,HTI,11,2025-08-11,96,stem,35.5407407407408
2025,4,HB,12,2025-08-11,96,stem,34.637037037037
2025,1,HB,1,2025-08-26,111,stem,0
2025,1,AC,2,2025-08-26,111,stem,0
2025,1,HTI,3,2025-08-26,111,stem,0
2025,2,AC,4,2025-08-26,111,stem,0
2025,2,HB,5,2025-08-26,111,stem,0
2025,2,HTI,6,2025-08-26,111,stem,0
2025,3,HTI,7,2025-08-26,111,stem,0
2025,3,AC,9,2025-08-26,111,stem,0
2025,4,AC,10,2025-08-26,111,stem,0
2025,4,HTI,11,2025-08-26,111,stem,0
2025,4,HB,12,2025-08-26,111,stem,0
2024,1,AC,2,2024-06-24,42,stolon,8.78518518518519
2024,1,HE,3,2024-06-24,42,stolon,7.37777777777778
2024,2,AC,4,2024-06-24,42,stolon,8.51851851851852
2024,2,HE,6,2024-06-24,42,stolon,5.52592592592593
2024,3,HE,7,2024-06-24,42,stolon,5.94074074074074
2024,3,AC,9,2024-06-24,42,stolon,7.24444444444444
2024,4,AC,10,2024-06-24,42,stolon,11.7037037037037
2024,4,HE,11,2024-06-24,42,stolon,9.28888888888889
2024,1,AC,2,2024-07-05,53,stolon,13.4962962962963
2024,1,HE,3,2024-07-05,53,stolon,16.1333333333333
2024,2,AC,4,2024-07-05,53,stolon,16.5333333333333
2024,2,HE,6,2024-07-05,53,stolon,13.8666666666667
2024,3,HE,7,2024-07-05,53,stolon,15.0074074074074
2024,3,AC,9,2024-07-05,53,stolon,14.4444444444444
2024,4,AC,10,2024-07-05,53,stolon,12.7407407407407
2024,4,HE,11,2024-07-05,53,stolon,18.0444444444445
2024,1,HTI,1,2024-07-15,63,stolon,15.4962962962963
2024,1,AC,2,2024-07-15,63,stolon,24.562962962963
2024,2,AC,4,2024-07-15,63,stolon,23.9407407407407
2024,2,HTI,5,2024-07-15,63,stolon,15.2296296296296
2024,3,HTI,8,2024-07-15,63,stolon,19.6444444444444
2024,3,AC,9,2024-07-15,63,stolon,30.9481481481481
2024,4,AC,10,2024-07-15,63,stolon,23.4518518518519
2024,4,HTI,12,2024-07-15,63,stolon,23.6148148148148
2024,1,HTI,1,2024-07-29,77,stolon,23.7481481481482
2024,1,AC,2,2024-07-29,77,stolon,24.8592592592593
2024,1,HE,3,2024-07-29,77,stolon,19.4666666666667
2024,2,AC,4,2024-07-29,77,stolon,26.4
2024,2,HTI,5,2024-07-29,77,stolon,29.7777777777778
2024,2,HE,6,2024-07-29,77,stolon,20.1925925925926
2024,3,HE,7,2024-07-29,77,stolon,15.4666666666667
2024,3,HTI,8,2024-07-29,77,stolon,23.1259259259259
2024,3,AC,9,2024-07-29,77,stolon,17.037037037037
2024,4,AC,10,2024-07-29,77,stolon,27.0222222222222
2024,4,HE,11,2024-07-29,77,stolon,19.437037037037
2024,4,HTI,12,2024-07-29,77,stolon,16.4296296296296
2024,1,HTI,1,2024-08-19,98,stolon,21.037037037037
2024,1,AC,2,2024-08-19,98,stolon,15.437037037037
2024,1,HE,3,2024-08-19,98,stolon,13.5259259259259
2024,2,AC,4,2024-08-19,98,stolon,16
2024,2,HTI,5,2024-08-19,98,stolon,15.8222222222222
2024,2,HE,6,2024-08-19,98,stolon,14.1185185185185
2024,3,HE,7,2024-08-19,98,stolon,12.1777777777778
2024,3,HTI,8,2024-08-19,98,stolon,17.4814814814815
2024,3,AC,9,2024-08-19,98,stolon,14.162962962963
2024,4,AC,10,2024-08-19,98,stolon,11.6296296296296
2024,4,HE,11,2024-08-19,98,stolon,16.8296296296296
2024,4,HTI,12,2024-08-19,98,stolon,15.3925925925926
2024,1,HTI,1,2024-09-08,118,stolon,
2024,1,AC,2,2024-09-08,118,stolon,
2024,1,HE,3,2024-09-08,118,stolon,
2024,2,AC,4,2024-09-08,118,stolon,
2024,2,HTI,5,2024-09-08,118,stolon,
2024,2,HE,6,2024-09-08,118,stolon,
2024,3,HE,7,2024-09-08,118,stolon,
2024,3,HTI,8,2024-09-08,118,stolon,
2024,3,AC,9,2024-09-08,118,stolon,
2024,4,AC,10,2024-09-08,118,stolon,
2024,4,HE,11,2024-09-08,118,stolon,
2024,4,HTI,12,2024-09-08,118,stolon,
2025,1,HB,1,2025-07-02,56,stolon,24.8592592592593
2025,1,AC,2,2025-07-02,56,stolon,31.8888888888889
2025,1,HTI,3,2025-07-02,56,stolon,38.962962962963
2025,2,AC,4,2025-07-02,56,stolon,18.037037037037
2025,2,HB,5,2025-07-02,56,stolon,27.6148148148148
2025,2,HTI,6,2025-07-02,56,stolon,25.8666666666667
2025,3,HTI,7,2025-07-02,56,stolon,33.9703703703704
2025,3,AC,9,2025-07-02,56,stolon,26.437037037037
2025,4,AC,10,2025-07-02,56,stolon,24.8296296296296
2025,4,HTI,11,2025-07-02,56,stolon,33.8
2025,4,HB,12,2025-07-02,56,stolon,28.5185185185185
2025,1,HB,1,2025-07-14,68,stolon,21.2740740740741
2025,1,AC,2,2025-07-14,68,stolon,25.3333333333333
2025,1,HTI,3,2025-07-14,68,stolon,31.2518518518519
2025,2,AC,4,2025-07-14,68,stolon,20.7777777777778
2025,2,HB,5,2025-07-14,68,stolon,18.837037037037
2025,2,HTI,6,2025-07-14,68,stolon,27.6962962962963
2025,3,HTI,7,2025-07-14,68,stolon,26.6296296296296
2025,3,AC,9,2025-07-14,68,stolon,19.2222222222222
2025,4,AC,10,2025-07-14,68,stolon,24.2666666666667
2025,4,HTI,11,2025-07-14,68,stolon,23.762962962963
2025,4,HB,12,2025-07-14,68,stolon,26.2740740740741
2025,1,HB,1,2025-07-29,83,stolon,25.6148148148148
2025,1,AC,2,2025-07-29,83,stolon,23.6814814814815
2025,1,HTI,3,2025-07-29,83,stolon,24.0888888888889
2025,2,AC,4,2025-07-29,83,stolon,23.3111111111111
2025,2,HB,5,2025-07-29,83,stolon,20.3555555555556
2025,2,HTI,6,2025-07-29,83,stolon,21.8740740740741
2025,3,HTI,7,2025-07-29,83,stolon,21.3396825396825
2025,3,AC,9,2025-07-29,83,stolon,22.9259259259259
2025,4,AC,10,2025-07-29,83,stolon,29.0074074074074
2025,4,HTI,11,2025-07-29,83,stolon,25.1777777777778
2025,4,HB,12,2025-07-29,83,stolon,24.6148148148148
2025,1,HB,1,2025-08-11,96,stolon,20.162962962963
2025,1,AC,2,2025-08-11,96,stolon,15.1259259259259
2025,1,HTI,3,2025-08-11,96,stolon,19.1925925925926
2025,2,AC,4,2025-08-11,96,stolon,19.4888888888889
2025,2,HB,5,2025-08-11,96,stolon,12.9481481481481
2025,2,HTI,6,2025-08-11,96,stolon,17.8222222222222
2025,3,HTI,7,2025-08-11,96,stolon,23.7185185185185
2025,3,AC,9,2025-08-11,96,stolon,17.6
2025,4,AC,10,2025-08-11,96,stolon,25.9777777777778
2025,4,HTI,11,2025-08-11,96,stolon,20.1555555555556
2025,4,HB,12,2025-08-11,96,stolon,16.762962962963
2025,1,HB,1,2025-08-26,111,stolon,
2025,1,AC,2,2025-08-26,111,stolon,
2025,1,HTI,3,2025-08-26,111,stolon,
2025,2,AC,4,2025-08-26,111,stolon,
2025,2,HB,5,2025-08-26,111,stolon,
2025,2,HTI,6,2025-08-26,111,stolon,
2025,3,HTI,7,2025-08-26,111,stolon,
2025,3,AC,9,2025-08-26,111,stolon,
2025,4,AC,10,2025-08-26,111,stolon,
2025,4,HTI,11,2025-08-26,111,stolon,
2025,4,HB,12,2025-08-26,111,stolon,
2024,1,AC,2,2024-06-24,42,total_above,53.8638261888367
2024,1,HE,3,2024-06-24,42,total_above,48.056171222632
2024,2,AC,4,2024-06-24,42,total_above,59.5162072310694
2024,2,HE,6,2024-06-24,42,total_above,46.6702772210775
2024,3,HE,7,2024-06-24,42,total_above,66.0771359547118
2024,3,AC,9,2024-06-24,42,total_above,38.8446620295566
2024,4,AC,10,2024-06-24,42,total_above,31.5009995298115
2024,4,HE,11,2024-06-24,42,total_above,51.8573719137363
2024,1,AC,2,2024-07-05,53,total_above,104.341587732152
2024,1,HE,3,2024-07-05,53,total_above,151.813337928672
2024,2,AC,4,2024-07-05,53,total_above,173.756628438056
2024,2,HE,6,2024-07-05,53,total_above,178.084089613143
2024,3,HE,7,2024-07-05,53,total_above,171.558086872175
2024,3,AC,9,2024-07-05,53,total_above,185.29904178553
2024,4,AC,10,2024-07-05,53,total_above,148.130591425942
2024,4,HE,11,2024-07-05,53,total_above,166.749741014782
2024,1,HTI,1,2024-07-15,63,total_above,254.168792399605
2024,1,AC,2,2024-07-15,63,total_above,212.894430262785
2024,2,AC,4,2024-07-15,63,total_above,297.642178156105
2024,2,HTI,5,2024-07-15,63,total_above,258.582090463527
2024,3,HTI,8,2024-07-15,63,total_above,264.378742806658
2024,3,AC,9,2024-07-15,63,total_above,324.093359937182
2024,4,AC,10,2024-07-15,63,total_above,277.068631398086
2024,4,HTI,12,2024-07-15,63,total_above,274.007531462639
2024,1,HTI,1,2024-07-29,77,total_above,341.59451137627
2024,1,AC,2,2024-07-29,77,total_above,287.002784521903
2024,1,HE,3,2024-07-29,77,total_above,300.411178101559
2024,2,AC,4,2024-07-29,77,total_above,310.755490081744
2024,2,HTI,5,2024-07-29,77,total_above,350.472185280261
2024,2,HE,6,2024-07-29,77,total_above,296.191822586064
2024,3,HE,7,2024-07-29,77,total_above,246.69616141175
2024,3,HTI,8,2024-07-29,77,total_above,223.111376022412
2024,3,AC,9,2024-07-29,77,total_above,265.502972570291
2024,4,AC,10,2024-07-29,77,total_above,228.709403099248
2024,4,HE,11,2024-07-29,77,total_above,262.77744318451
2024,4,HTI,12,2024-07-29,77,total_above,262.842653379906
2024,1,HTI,1,2024-08-19,98,total_above,314.254888088754
2024,1,AC,2,2024-08-19,98,total_above,280.810711413537
2024,1,HE,3,2024-08-19,98,total_above,248.363919209993
2024,2,AC,4,2024-08-19,98,total_above,244.375378500556
2024,2,HTI,5,2024-08-19,98,total_above,210.984497485736
2024,2,HE,6,2024-08-19,98,total_above,222.927969815493
2024,3,HE,7,2024-08-19,98,total_above,221.960277853274
2024,3,HTI,8,2024-08-19,98,total_above,182.653086891336
2024,3,AC,9,2024-08-19,98,total_above,185.357725393998
2024,4,AC,10,2024-08-19,98,total_above,159.184227143365
2024,4,HE,11,2024-08-19,98,total_above,213.616079918364
2024,4,HTI,12,2024-08-19,98,total_above,230.230910675415
2024,1,HTI,1,2024-09-08,118,total_above,223.037895621221
2024,1,AC,2,2024-09-08,118,total_above,290.983984672508
2024,1,HE,3,2024-09-08,118,total_above,175.754131104872
2024,2,AC,4,2024-09-08,118,total_above,233.541564070164
2024,2,HTI,5,2024-09-08,118,total_above,300.734952145143
2024,2,HE,6,2024-09-08,118,total_above,247.785806974858
2024,3,HE,7,2024-09-08,118,total_above,199.368797893852
2024,3,HTI,8,2024-09-08,118,total_above,215.973685152199
2024,3,AC,9,2024-09-08,118,total_above,199.780028498833
2024,4,AC,10,2024-09-08,118,total_above,138.671528657071
2024,4,HE,11,2024-09-08,118,total_above,197.596274576326
2024,4,HTI,12,2024-09-08,118,total_above,210.768732996969
2025,1,HB,1,2025-07-02,56,total_above,208.474556712003
2025,1,AC,2,2025-07-02,56,total_above,220.280061567349
2025,1,HTI,3,2025-07-02,56,total_above,257.69918210065
2025,2,AC,4,2025-07-02,56,total_above,200.696731472452
2025,2,HB,5,2025-07-02,56,total_above,169.806051151443
2025,2,HTI,6,2025-07-02,56,total_above,216.051246791346
2025,3,HTI,7,2025-07-02,56,total_above,305.194533047787
2025,3,AC,9,2025-07-02,56,total_above,203.230514417423
2025,4,AC,10,2025-07-02,56,total_above,291.890207068
2025,4,HTI,11,2025-07-02,56,total_above,263.852388851023
2025,4,HB,12,2025-07-02,56,total_above,224.000769154482
2025,1,HB,1,2025-07-14,68,total_above,250.085950478957
2025,1,AC,2,2025-07-14,68,total_above,223.47843098246
2025,1,HTI,3,2025-07-14,68,total_above,266.857830882159
2025,2,AC,4,2025-07-14,68,total_above,235.672293799635
2025,2,HB,5,2025-07-14,68,total_above,190.435847101478
2025,2,HTI,6,2025-07-14,68,total_above,231.365056135319
2025,3,HTI,7,2025-07-14,68,total_above,302.479451617362
2025,3,AC,9,2025-07-14,68,total_above,183.19442465746
2025,4,AC,10,2025-07-14,68,total_above,309.537013569834
2025,4,HTI,11,2025-07-14,68,total_above,236.019526729723
2025,4,HB,12,2025-07-14,68,total_above,243.699776373643
2025,1,HB,1,2025-07-29,83,total_above,269.040694735133
2025,1,AC,2,2025-07-29,83,total_above,240.376916443163
2025,1,HTI,3,2025-07-29,83,total_above,238.351457747676
2025,2,AC,4,2025-07-29,83,total_above,272.254805702913
2025,2,HB,5,2025-07-29,83,total_above,159.50993953888
2025,2,HTI,6,2025-07-29,83,total_above,178.178906290602
2025,3,HTI,7,2025-07-29,83,total_above,222.809500965213
2025,3,AC,9,2025-07-29,83,total_above,186.312808193904
2025,4,AC,10,2025-07-29,83,total_above,322.930866543189
2025,4,HTI,11,2025-07-29,83,total_above,286.112164698363
2025,4,HB,12,2025-07-29,83,total_above,185.344595027842
2025,1,HB,1,2025-08-11,96,total_above,249.853130287648
2025,1,AC,2,2025-08-11,96,total_above,229.970294005346
2025,1,HTI,3,2025-08-11,96,total_above,216.604951065055
2025,2,AC,4,2025-08-11,96,total_above,250.123094822571
2025,2,HB,5,2025-08-11,96,total_above,164.207588075881
2025,2,HTI,6,2025-08-11,96,total_above,202.129446277961
2025,3,HTI,7,2025-08-11,96,total_above,252.110577243911
2025,3,AC,9,2025-08-11,96,total_above,185.195230352304
2025,4,AC,10,2025-08-11,96,total_above,282.907144997631
2025,4,HTI,11,2025-08-11,96,total_above,244.880028192223
2025,4,HB,12,2025-08-11,96,total_above,170.442598537801
2025,1,HB,1,2025-08-26,111,total_above,188.414944314944
2025,1,AC,2,2025-08-26,111,total_above,200.604835390947
2025,1,HTI,3,2025-08-26,111,total_above,164.467973856209
2025,2,AC,4,2025-08-26,111,total_above,201.921885521886
2025,2,HB,5,2025-08-26,111,total_above,141.498783454988
2025,2,HTI,6,2025-08-26,111,total_above,174.035066981876
2025,3,HTI,7,2025-08-26,111,total_above,154.078966620942
2025,3,AC,9,2025-08-26,111,total_above,120.694238683128
2025,4,AC,10,2025-08-26,111,total_above,197.464009047215
2025,4,HTI,11,2025-08-26,111,total_above,201.997563352827
2025,4,HB,12,2025-08-26,111,total_above,157.956296296296
2024,1,AC,2,2024-06-24,42,total_below,10.8148148148148
2024,1,HE,3,2024-06-24,42,total_below,7.54074074074074
2024,2,AC,4,2024-06-24,42,total_below,8.74074074074074
2024,2,HE,6,2024-06-24,42,total_below,5.57037037037037
2024,3,HE,7,2024-06-24,42,total_below,5.95555555555556
2024,3,AC,9,2024-06-24,42,total_below,7.31851851851852
2024,4,AC,10,2024-06-24,42,total_below,12.6666666666667
2024,4,HE,11,2024-06-24,42,total_below,9.37777777777778
2024,1,AC,2,2024-07-05,53,total_below,28.237037037037
2024,1,HE,3,2024-07-05,53,total_below,43.8222222222222
2024,2,AC,4,2024-07-05,53,total_below,59.9703703703704
2024,2,HE,6,2024-07-05,53,total_below,32.9481481481482
2024,3,HE,7,2024-07-05,53,total_below,26.4888888888889
2024,3,AC,9,2024-07-05,53,total_below,45.3481481481482
2024,4,AC,10,2024-07-05,53,total_below,42.3703703703704
2024,4,HE,11,2024-07-05,53,total_below,33.4222222222222
2024,1,HTI,1,2024-07-15,63,total_below,160.859259259259
2024,1,AC,2,2024-07-15,63,total_below,135.688888888889
2024,2,AC,4,2024-07-15,63,total_below,148.340740740741
2024,2,HTI,5,2024-07-15,63,total_below,68.1185185185185
2024,3,HTI,8,2024-07-15,63,total_below,98.2666666666667
2024,3,AC,9,2024-07-15,63,total_below,192.859259259259
2024,4,AC,10,2024-07-15,63,total_below,238.340740740741
2024,4,HTI,12,2024-07-15,63,total_below,184.044444444445
2024,1,HTI,1,2024-07-29,77,total_below,496.888888888889
2024,1,AC,2,2024-07-29,77,total_below,622.385185185185
2024,1,HE,3,2024-07-29,77,total_below,504.311111111111
2024,2,AC,4,2024-07-29,77,total_below,508.133333333333
2024,2,HTI,5,2024-07-29,77,total_below,569.970370370371
2024,2,HE,6,2024-07-29,77,total_below,692.177777777778
2024,3,HE,7,2024-07-29,77,total_below,421.896296296296
2024,3,HTI,8,2024-07-29,77,total_below,328.266666666667
2024,3,AC,9,2024-07-29,77,total_below,438.459259259259
2024,4,AC,10,2024-07-29,77,total_below,499.525925925926
2024,4,HE,11,2024-07-29,77,total_below,450.992592592593
2024,4,HTI,12,2024-07-29,77,total_below,389.348148148148
2024,1,HTI,1,2024-08-19,98,total_below,1064.22222222222
2024,1,AC,2,2024-08-19,98,total_below,888.918518518519
2024,1,HE,3,2024-08-19,98,total_below,952.044444444445
2024,2,AC,4,2024-08-19,98,total_below,873.57037037037
2024,2,HTI,5,2024-08-19,98,total_below,986.192592592593
2024,2,HE,6,2024-08-19,98,total_below,762.266666666667
2024,3,HE,7,2024-08-19,98,total_below,849.140740740741
2024,3,HTI,8,2024-08-19,98,total_below,1049.54074074074
2024,3,AC,9,2024-08-19,98,total_below,579.2
2024,4,AC,10,2024-08-19,98,total_below,645.807407407408
2024,4,HE,11,2024-08-19,98,total_below,982.637037037037
2024,4,HTI,12,2024-08-19,98,total_below,746.074074074074
2024,1,HTI,1,2024-09-08,118,total_below,1010.9010364572
2024,1,AC,2,2024-09-08,118,total_below,1149.34852084789
2024,1,HE,3,2024-09-08,118,total_below,1158.2077294686
2024,2,AC,4,2024-09-08,118,total_below,897.219790940767
2024,2,HTI,5,2024-09-08,118,total_below,949.591125541126
2024,2,HE,6,2024-09-08,118,total_below,1025.79623188406
2024,3,HE,7,2024-09-08,118,total_below,865.944706498952
2024,3,HTI,8,2024-09-08,118,total_below,882.942434904997
2024,3,AC,9,2024-09-08,118,total_below,892.951228632479
2024,4,AC,10,2024-09-08,118,total_below,781.441598248495
2024,4,HE,11,2024-09-08,118,total_below,1003.25254036087
2024,4,HTI,12,2024-09-08,118,total_below,1061.37336601307
2025,1,HB,1,2025-07-02,56,total_below,366.242636589073
2025,1,AC,2,2025-07-02,56,total_below,425.808185711066
2025,1,HTI,3,2025-07-02,56,total_below,353.523955411723
2025,2,AC,4,2025-07-02,56,total_below,342.601547816473
2025,2,HB,5,2025-07-02,56,total_below,391.728786510087
2025,2,HTI,6,2025-07-02,56,total_below,408.964653243848
2025,3,HTI,7,2025-07-02,56,total_below,401.97037037037
2025,3,AC,9,2025-07-02,56,total_below,490.188785529716
2025,4,AC,10,2025-07-02,56,total_below,519.324118518519
2025,4,HTI,11,2025-07-02,56,total_below,279.383622895623
2025,4,HB,12,2025-07-02,56,total_below,317.035416937405
2025,1,HB,1,2025-07-14,68,total_below,717.560136538449
2025,1,AC,2,2025-07-14,68,total_below,794.03862654321
2025,1,HTI,3,2025-07-14,68,total_below,800.033886047833
2025,2,AC,4,2025-07-14,68,total_below,620.339026150536
2025,2,HB,5,2025-07-14,68,total_below,705.839534155746
2025,2,HTI,6,2025-07-14,68,total_below,783.537860082305
2025,3,HTI,7,2025-07-14,68,total_below,720.111921103073
2025,3,AC,9,2025-07-14,68,total_below,659.23090529024
2025,4,AC,10,2025-07-14,68,total_below,767.412159118408
2025,4,HTI,11,2025-07-14,68,total_below,593.317565593037
2025,4,HB,12,2025-07-14,68,total_below,793.817184402713
2025,1,HB,1,2025-07-29,83,total_below,930.979581463035
2025,1,AC,2,2025-07-29,83,total_below,1189.13099576782
2025,1,HTI,3,2025-07-29,83,total_below,1127.8772779608
2025,2,AC,4,2025-07-29,83,total_below,1281.49581056466
2025,2,HB,5,2025-07-29,83,total_below,878.780769861414
2025,2,HTI,6,2025-07-29,83,total_below,937.778960389916
2025,3,HTI,7,2025-07-29,83,total_below,722.13829937275
2025,3,AC,9,2025-07-29,83,total_below,972.501656038767
2025,4,AC,10,2025-07-29,83,total_below,1177.47370719776
2025,4,HTI,11,2025-07-29,83,total_below,1065.4947323445
2025,4,HB,12,2025-07-29,83,total_below,875.311038155687
2025,1,HB,1,2025-08-11,96,total_below,1161.32810410839
2025,1,AC,2,2025-08-11,96,total_below,1060.05550254114
2025,1,HTI,3,2025-08-11,96,total_below,1255.54577479872
2025,2,AC,4,2025-08-11,96,total_below,1218.50100011749
2025,2,HB,5,2025-08-11,96,total_below,991.23005000478
2025,2,HTI,6,2025-08-11,96,total_below,1181.30165250525
2025,3,HTI,7,2025-08-11,96,total_below,1110.43248167954
2025,3,AC,9,2025-08-11,96,total_below,1237.09493650998
2025,4,AC,10,2025-08-11,96,total_below,1455.85096198915
2025,4,HTI,11,2025-08-11,96,total_below,984.995602601293
2025,4,HB,12,2025-08-11,96,total_below,1170.97904006325
2025,1,HB,1,2025-08-26,111,total_below,1186.55224716751
2025,1,AC,2,2025-08-26,111,total_below,1229.88889662381
2025,1,HTI,3,2025-08-26,111,total_below,1198.14918409665
2025,2,AC,4,2025-08-26,111,total_below,1198.79843735988
2025,2,HB,5,2025-08-26,111,total_below,1001.98917595589
2025,2,HTI,6,2025-08-26,111,total_below,1116.88308553755
2025,3,HTI,7,2025-08-26,111,total_below,1004.35274474917
2025,3,AC,9,2025-08-26,111,total_below,1051.9461017448
2025,4,AC,10,2025-08-26,111,total_below,1405.97200777985
2025,4,HTI,11,2025-08-26,111,total_below,1108.54709222831
2025,4,HB,12,2025-08-26,111,total_below,1169.76832668274
2024,1,AC,2,2024-06-24,42,total,64.6786410036515
2024,1,HE,3,2024-06-24,42,total,55.5969119633727
2024,2,AC,4,2024-06-24,42,total,68.2569479718102
2024,2,HE,6,2024-06-24,42,total,52.2406475914479
2024,3,HE,7,2024-06-24,42,total,72.0326915102674
2024,3,AC,9,2024-06-24,42,total,46.1631805480751
2024,4,AC,10,2024-06-24,42,total,44.1676661964782
2024,4,HE,11,2024-06-24,42,total,61.2351496915141
2024,1,AC,2,2024-07-05,53,total,132.578624769189
2024,1,HE,3,2024-07-05,53,total,195.635560150894
2024,2,AC,4,2024-07-05,53,total,233.726998808426
2024,2,HE,6,2024-07-05,53,total,211.032237761291
2024,3,HE,7,2024-07-05,53,total,198.046975761064
2024,3,AC,9,2024-07-05,53,total,230.647189933678
2024,4,AC,10,2024-07-05,53,total,190.500961796313
2024,4,HE,11,2024-07-05,53,total,200.171963237004
2024,1,HTI,1,2024-07-15,63,total,415.028051658864
2024,1,AC,2,2024-07-15,63,total,348.583319151674
2024,2,AC,4,2024-07-15,63,total,445.982918896846
2024,2,HTI,5,2024-07-15,63,total,326.700608982046
2024,3,HTI,8,2024-07-15,63,total,362.645409473325
2024,3,AC,9,2024-07-15,63,total,516.952619196442
2024,4,AC,10,2024-07-15,63,total,515.409372138827
2024,4,HTI,12,2024-07-15,63,total,458.051975907084
2024,1,HTI,1,2024-07-29,77,total,838.483400265159
2024,1,AC,2,2024-07-29,77,total,909.387969707088
2024,1,HE,3,2024-07-29,77,total,804.72228921267
2024,2,AC,4,2024-07-29,77,total,818.888823415077
2024,2,HTI,5,2024-07-29,77,total,920.442555650631
2024,2,HE,6,2024-07-29,77,total,988.369600363842
2024,3,HE,7,2024-07-29,77,total,668.592457708047
2024,3,HTI,8,2024-07-29,77,total,551.378042689078
2024,3,AC,9,2024-07-29,77,total,703.96223182955
2024,4,AC,10,2024-07-29,77,total,728.235329025174
2024,4,HE,11,2024-07-29,77,total,713.770035777103
2024,4,HTI,12,2024-07-29,77,total,652.190801528054
2024,1,HTI,1,2024-08-19,98,total,1378.47711031098
2024,1,AC,2,2024-08-19,98,total,1169.72922993206
2024,1,HE,3,2024-08-19,98,total,1200.40836365444
2024,2,AC,4,2024-08-19,98,total,1117.94574887093
2024,2,HTI,5,2024-08-19,98,total,1197.17709007833
2024,2,HE,6,2024-08-19,98,total,985.19463648216
2024,3,HE,7,2024-08-19,98,total,1071.10101859401
2024,3,HTI,8,2024-08-19,98,total,1232.19382763208
2024,3,AC,9,2024-08-19,98,total,764.557725393999
2024,4,AC,10,2024-08-19,98,total,804.991634550773
2024,4,HE,11,2024-08-19,98,total,1196.2531169554
2024,4,HTI,12,2024-08-19,98,total,976.304984749489
2024,1,HTI,1,2024-09-08,118,total,1233.93893207842
2024,1,AC,2,2024-09-08,118,total,1440.3325055204
2024,1,HE,3,2024-09-08,118,total,1333.96186057347
2024,2,AC,4,2024-09-08,118,total,1130.76135501093
2024,2,HTI,5,2024-09-08,118,total,1250.32607768627
2024,2,HE,6,2024-09-08,118,total,1273.58203885892
2024,3,HE,7,2024-09-08,118,total,1065.3135043928
2024,3,HTI,8,2024-09-08,118,total,1098.9161200572
2024,3,AC,9,2024-09-08,118,total,1092.73125713131
2024,4,AC,10,2024-09-08,118,total,920.113126905566
2024,4,HE,11,2024-09-08,118,total,1200.8488149372
2024,4,HTI,12,2024-09-08,118,total,1272.14209901004
2025,1,HB,1,2025-07-02,56,total,574.717193301076
2025,1,AC,2,2025-07-02,56,total,646.088247278415
2025,1,HTI,3,2025-07-02,56,total,611.223137512373
2025,2,AC,4,2025-07-02,56,total,543.298279288925
2025,2,HB,5,2025-07-02,56,total,561.534837661531
2025,2,HTI,6,2025-07-02,56,total,625.015900035194
2025,3,HTI,7,2025-07-02,56,total,707.164903418157
2025,3,AC,9,2025-07-02,56,total,693.419299947139
2025,4,AC,10,2025-07-02,56,total,811.214325586519
2025,4,HTI,11,2025-07-02,56,total,543.236011746646
2025,4,HB,12,2025-07-02,56,total,541.036186091887
2025,1,HB,1,2025-07-14,68,total,967.646087017406
2025,1,AC,2,2025-07-14,68,total,1017.51705752567
2025,1,HTI,3,2025-07-14,68,total,1066.89171692999
2025,2,AC,4,2025-07-14,68,total,856.011319950171
2025,2,HB,5,2025-07-14,68,total,896.275381257224
2025,2,HTI,6,2025-07-14,68,total,1014.90291621762
2025,3,HTI,7,2025-07-14,68,total,1022.59137272044
2025,3,AC,9,2025-07-14,68,total,842.4253299477
2025,4,AC,10,2025-07-14,68,total,1076.94917268824
2025,4,HTI,11,2025-07-14,68,total,829.337092322761
2025,4,HB,12,2025-07-14,68,total,1037.51696077636
2025,1,HB,1,2025-07-29,83,total,1200.02027619817
2025,1,AC,2,2025-07-29,83,total,1429.50791221099
2025,1,HTI,3,2025-07-29,83,total,1366.22873570848
2025,2,AC,4,2025-07-29,83,total,1553.75061626758
2025,2,HB,5,2025-07-29,83,total,1038.29070940029
2025,2,HTI,6,2025-07-29,83,total,1115.95786668052
2025,3,HTI,7,2025-07-29,83,total,944.947800337962
2025,3,AC,9,2025-07-29,83,total,1158.81446423267
2025,4,AC,10,2025-07-29,83,total,1500.40457374095
2025,4,HTI,11,2025-07-29,83,total,1351.60689704287
2025,4,HB,12,2025-07-29,83,total,1060.65563318353
2025,1,HB,1,2025-08-11,96,total,1411.18123439604
2025,1,AC,2,2025-08-11,96,total,1290.02579654649
2025,1,HTI,3,2025-08-11,96,total,1472.15072586378
2025,2,AC,4,2025-08-11,96,total,1468.62409494006
2025,2,HB,5,2025-08-11,96,total,1155.43763808066
2025,2,HTI,6,2025-08-11,96,total,1383.43109878321
2025,3,HTI,7,2025-08-11,96,total,1362.54305892345
2025,3,AC,9,2025-08-11,96,total,1422.29016686228
2025,4,AC,10,2025-08-11,96,total,1738.75810698678
2025,4,HTI,11,2025-08-11,96,total,1229.87563079352
2025,4,HB,12,2025-08-11,96,total,1341.42163860105
2025,1,HB,1,2025-08-26,111,total,1374.96719148246
2025,1,AC,2,2025-08-26,111,total,1430.49373201476
2025,1,HTI,3,2025-08-26,111,total,1362.61715795286
2025,2,AC,4,2025-08-26,111,total,1400.72032288177
2025,2,HB,5,2025-08-26,111,total,1143.48795941088
2025,2,HTI,6,2025-08-26,111,total,1290.91815251943
2025,3,HTI,7,2025-08-26,111,total,1158.43171137011
2025,3,AC,9,2025-08-26,111,total,1172.64034042792
2025,4,AC,10,2025-08-26,111,total,1603.43601682707
2025,4,HTI,11,2025-08-26,111,total,1310.54465558114
2025,4,HB,12,2025-08-26,111,total,1327.72462297903
2024,1,AC,2,2024-06-24,42,tuber,2.02962962962963
2024,1,HE,3,2024-06-24,42,tuber,0.162962962962963
2024,2,AC,4,2024-06-24,42,tuber,0.222222222222222
2024,2,HE,6,2024-06-24,42,tuber,0.0444444444444444
2024,3,HE,7,2024-06-24,42,tuber,0.0148148148148148
2024,3,AC,9,2024-06-24,42,tuber,0.0740740740740741
2024,4,AC,10,2024-06-24,42,tuber,0.962962962962963
2024,4,HE,11,2024-06-24,42,tuber,0.0888888888888889
2024,1,AC,2,2024-07-05,53,tuber,14.7407407407407
2024,1,HE,3,2024-07-05,53,tuber,27.6888888888889
2024,2,AC,4,2024-07-05,53,tuber,43.4370370370371
2024,2,HE,6,2024-07-05,53,tuber,19.0814814814815
2024,3,HE,7,2024-07-05,53,tuber,11.4814814814815
2024,3,AC,9,2024-07-05,53,tuber,30.9037037037037
2024,4,AC,10,2024-07-05,53,tuber,29.6296296296296
2024,4,HE,11,2024-07-05,53,tuber,15.3777777777778
2024,1,HTI,1,2024-07-15,63,tuber,145.362962962963
2024,1,AC,2,2024-07-15,63,tuber,111.125925925926
2024,2,AC,4,2024-07-15,63,tuber,124.4
2024,2,HTI,5,2024-07-15,63,tuber,52.8888888888889
2024,3,HTI,8,2024-07-15,63,tuber,78.6222222222222
2024,3,AC,9,2024-07-15,63,tuber,161.911111111111
2024,4,AC,10,2024-07-15,63,tuber,214.888888888889
2024,4,HTI,12,2024-07-15,63,tuber,160.42962962963
2024,1,HTI,1,2024-07-29,77,tuber,473.140740740741
2024,1,AC,2,2024-07-29,77,tuber,597.525925925926
2024,1,HE,3,2024-07-29,77,tuber,484.844444444444
2024,2,AC,4,2024-07-29,77,tuber,481.733333333333
2024,2,HTI,5,2024-07-29,77,tuber,540.192592592593
2024,2,HE,6,2024-07-29,77,tuber,671.985185185185
2024,3,HE,7,2024-07-29,77,tuber,406.42962962963
2024,3,HTI,8,2024-07-29,77,tuber,305.140740740741
2024,3,AC,9,2024-07-29,77,tuber,421.422222222222
2024,4,AC,10,2024-07-29,77,tuber,472.503703703704
2024,4,HE,11,2024-07-29,77,tuber,431.555555555556
2024,4,HTI,12,2024-07-29,77,tuber,372.918518518519
2024,1,HTI,1,2024-08-19,98,tuber,1043.18518518519
2024,1,AC,2,2024-08-19,98,tuber,873.481481481482
2024,1,HE,3,2024-08-19,98,tuber,938.518518518519
2024,2,AC,4,2024-08-19,98,tuber,857.570370370371
2024,2,HTI,5,2024-08-19,98,tuber,970.370370370371
2024,2,HE,6,2024-08-19,98,tuber,748.148148148148
2024,3,HE,7,2024-08-19,98,tuber,836.962962962963
2024,3,HTI,8,2024-08-19,98,tuber,1032.05925925926
2024,3,AC,9,2024-08-19,98,tuber,565.037037037037
2024,4,AC,10,2024-08-19,98,tuber,634.177777777778
2024,4,HE,11,2024-08-19,98,tuber,965.807407407408
2024,4,HTI,12,2024-08-19,98,tuber,730.681481481482
2024,1,HTI,1,2024-09-08,118,tuber,1010.9010364572
2024,1,AC,2,2024-09-08,118,tuber,1149.34852084789
2024,1,HE,3,2024-09-08,118,tuber,1158.2077294686
2024,2,AC,4,2024-09-08,118,tuber,897.219790940767
2024,2,HTI,5,2024-09-08,118,tuber,949.591125541126
2024,2,HE,6,2024-09-08,118,tuber,1025.79623188406
2024,3,HE,7,2024-09-08,118,tuber,865.944706498952
2024,3,HTI,8,2024-09-08,118,tuber,882.942434904997
2024,3,AC,9,2024-09-08,118,tuber,892.951228632479
2024,4,AC,10,2024-09-08,118,tuber,781.441598248495
2024,4,HE,11,2024-09-08,118,tuber,1003.25254036087
2024,4,HTI,12,2024-09-08,118,tuber,1061.37336601307
2025,1,HB,1,2025-07-02,56,tuber,341.383377329814
2025,1,AC,2,2025-07-02,56,tuber,393.919296822177
2025,1,HTI,3,2025-07-02,56,tuber,314.56099244876
2025,2,AC,4,2025-07-02,56,tuber,324.564510779436
2025,2,HB,5,2025-07-02,56,tuber,364.113971695273
2025,2,HTI,6,2025-07-02,56,tuber,383.097986577181
2025,3,HTI,7,2025-07-02,56,tuber,368
2025,3,AC,9,2025-07-02,56,tuber,463.751748492679
2025,4,AC,10,2025-07-02,56,tuber,494.494488888889
2025,4,HTI,11,2025-07-02,56,tuber,245.583622895623
2025,4,HB,12,2025-07-02,56,tuber,288.516898418887
2025,1,HB,1,2025-07-14,68,tuber,696.286062464375
2025,1,AC,2,2025-07-14,68,tuber,768.705293209877
2025,1,HTI,3,2025-07-14,68,tuber,768.782034195981
2025,2,AC,4,2025-07-14,68,tuber,599.561248372758
2025,2,HB,5,2025-07-14,68,tuber,687.002497118709
2025,2,HTI,6,2025-07-14,68,tuber,755.841563786009
2025,3,HTI,7,2025-07-14,68,tuber,693.482291473444
2025,3,AC,9,2025-07-14,68,tuber,640.008683068018
2025,4,AC,10,2025-07-14,68,tuber,743.145492451742
2025,4,HTI,11,2025-07-14,68,tuber,569.554602630075
2025,4,HB,12,2025-07-14,68,tuber,767.543110328639
2025,1,HB,1,2025-07-29,83,tuber,905.36476664822
2025,1,AC,2,2025-07-29,83,tuber,1165.44951428634
2025,1,HTI,3,2025-07-29,83,tuber,1103.78838907191
2025,2,AC,4,2025-07-29,83,tuber,1258.18469945355
2025,2,HB,5,2025-07-29,83,tuber,858.425214305859
2025,2,HTI,6,2025-07-29,83,tuber,915.904886315842
2025,3,HTI,7,2025-07-29,83,tuber,700.798616833067
2025,3,AC,9,2025-07-29,83,tuber,949.575730112841
2025,4,AC,10,2025-07-29,83,tuber,1148.46629979036
2025,4,HTI,11,2025-07-29,83,tuber,1040.31695456673
2025,4,HB,12,2025-07-29,83,tuber,850.696223340872
2025,1,HB,1,2025-08-11,96,tuber,1141.16514114543
2025,1,AC,2,2025-08-11,96,tuber,1044.92957661521
2025,1,HTI,3,2025-08-11,96,tuber,1236.35318220613
2025,2,AC,4,2025-08-11,96,tuber,1199.0121112286
2025,2,HB,5,2025-08-11,96,tuber,978.281901856632
2025,2,HTI,6,2025-08-11,96,tuber,1163.47943028303
2025,3,HTI,7,2025-08-11,96,tuber,1086.71396316102
2025,3,AC,9,2025-08-11,96,tuber,1219.49493650998
2025,4,AC,10,2025-08-11,96,tuber,1429.87318421137
2025,4,HTI,11,2025-08-11,96,tuber,964.840047045737
2025,4,HB,12,2025-08-11,96,tuber,1154.21607710029
2025,1,HB,1,2025-08-26,111,tuber,1186.55224716751
2025,1,AC,2,2025-08-26,111,tuber,1229.88889662381
2025,1,HTI,3,2025-08-26,111,tuber,1198.14918409665
2025,2,AC,4,2025-08-26,111,tuber,1198.79843735988
2025,2,HB,5,2025-08-26,111,tuber,1001.98917595589
2025,2,HTI,6,2025-08-26,111,tuber,1116.88308553755
2025,3,HTI,7,2025-08-26,111,tuber,1004.35274474917
2025,3,AC,9,2025-08-26,111,tuber,1051.9461017448
2025,4,AC,10,2025-08-26,111,tuber,1405.97200777985
2025,4,HTI,11,2025-08-26,111,tuber,1108.54709222831
2025,4,HB,12,2025-08-26,111,tuber,1169.76832668274
2024,1,AC,2,2024-06-24,42,leaf_stem,0.244698349895433
2024,1,HE,3,2024-06-24,42,leaf_stem,0.28425766079076
2024,2,AC,4,2024-06-24,42,leaf_stem,0.286139345181076
2024,2,HE,6,2024-06-24,42,leaf_stem,0.273547467944799
2024,3,HE,7,2024-06-24,42,leaf_stem,0.371147579647871
2024,3,AC,9,2024-06-24,42,leaf_stem,0.24709733702087
2024,4,AC,10,2024-06-24,42,leaf_stem,0.159516734023506
2024,4,HE,11,2024-06-24,42,leaf_stem,0.25786086689404
2024,1,AC,2,2024-07-05,53,leaf_stem,0.220687539979872
2024,1,HE,3,2024-07-05,53,leaf_stem,0.273338202568497
2024,2,AC,4,2024-07-05,53,leaf_stem,0.259249676471279
2024,2,HE,6,2024-07-05,53,leaf_stem,0.291070284894896
2024,3,HE,7,2024-07-05,53,leaf_stem,0.294756495927208
2024,3,AC,9,2024-07-05,53,leaf_stem,0.316216525765064
2024,4,AC,10,2024-07-05,53,leaf_stem,0.269084012562379
2024,4,HE,11,2024-07-05,53,leaf_stem,0.249793250541191
2024,1,HTI,1,2024-07-15,63,leaf_stem,0.186432781411072
2024,1,AC,2,2024-07-15,63,leaf_stem,0.175774330466979
2024,2,AC,4,2024-07-15,63,leaf_stem,0.199861438887919
2024,2,HTI,5,2024-07-15,63,leaf_stem,0.242181036213592
2024,3,HTI,8,2024-07-15,63,leaf_stem,0.218776262897192
2024,3,AC,9,2024-07-15,63,leaf_stem,0.197879050631252
2024,4,AC,10,2024-07-15,63,leaf_stem,0.187637979235072
2024,4,HTI,12,2024-07-15,63,leaf_stem,0.187880610191718
2024,1,HTI,1,2024-07-29,77,leaf_stem,0.179506722678414
2024,1,AC,2,2024-07-29,77,leaf_stem,0.222643699511643
2024,1,HE,3,2024-07-29,77,leaf_stem,0.252635466279235
2024,2,AC,4,2024-07-29,77,leaf_stem,0.16617449393216
2024,2,HTI,5,2024-07-29,77,leaf_stem,0.152963688385095
2024,2,HE,6,2024-07-29,77,leaf_stem,0.180141065402953
2024,3,HE,7,2024-07-29,77,leaf_stem,0.206692920240907
2024,3,HTI,8,2024-07-29,77,leaf_stem,0.193824251863082
2024,3,AC,9,2024-07-29,77,leaf_stem,0.222713472448591
2024,4,AC,10,2024-07-29,77,leaf_stem,0.199162180326794
2024,4,HE,11,2024-07-29,77,leaf_stem,0.220572128552928
2024,4,HTI,12,2024-07-29,77,leaf_stem,0.216116737997198
2024,1,HTI,1,2024-08-19,98,leaf_stem,0.0782657583148344
2024,1,AC,2,2024-08-19,98,leaf_stem,0.10417501590566
2024,1,HE,3,2024-08-19,98,leaf_stem,0.0947758230868626
2024,2,AC,4,2024-08-19,98,leaf_stem,0.0742972950555473
2024,2,HTI,5,2024-08-19,98,leaf_stem,0.0760703016507451
2024,2,HE,6,2024-08-19,98,leaf_stem,0.171653848182941
2024,3,HE,7,2024-08-19,98,leaf_stem,0.0738244940977643
2024,3,HTI,8,2024-08-19,98,leaf_stem,0.132210387510795
2024,3,AC,9,2024-08-19,98,leaf_stem,0.127119614637833
2024,4,AC,10,2024-08-19,98,leaf_stem,0.111924977862067
2024,4,HE,11,2024-08-19,98,leaf_stem,0.0681129722556591
2024,4,HTI,12,2024-08-19,98,leaf_stem,0.160284277139625
2024,1,HTI,1,2024-09-08,118,leaf_stem,
2024,1,AC,2,2024-09-08,118,leaf_stem,
2024,1,HE,3,2024-09-08,118,leaf_stem,
2024,2,AC,4,2024-09-08,118,leaf_stem,
2024,2,HTI,5,2024-09-08,118,leaf_stem,
2024,2,HE,6,2024-09-08,118,leaf_stem,
2024,3,HE,7,2024-09-08,118,leaf_stem,
2024,3,HTI,8,2024-09-08,118,leaf_stem,
2024,3,AC,9,2024-09-08,118,leaf_stem,
2024,4,AC,10,2024-09-08,118,leaf_stem,
2024,4,HE,11,2024-09-08,118,leaf_stem,
2024,4,HTI,12,2024-09-08,118,leaf_stem,
2025,1,HB,1,2025-07-02,56,leaf_stem,0.213056039315361
2025,1,AC,2,2025-07-02,56,leaf_stem,0.185482426994152
2025,1,HTI,3,2025-07-02,56,leaf_stem,0.143481508055699
2025,2,AC,4,2025-07-02,56,leaf_stem,0.194929337739374
2025,2,HB,5,2025-07-02,56,leaf_stem,0.178806646915578
2025,2,HTI,6,2025-07-02,56,leaf_stem,0.185431057001504
2025,3,HTI,7,2025-07-02,56,leaf_stem,0.155031778902404
2025,3,AC,9,2025-07-02,56,leaf_stem,0.213052958319268
2025,4,AC,10,2025-07-02,56,leaf_stem,0.232129261629557
2025,4,HTI,11,2025-07-02,56,leaf_stem,0.160564078886614
2025,4,HB,12,2025-07-02,56,leaf_stem,0.201960742497918
2025,1,HB,1,2025-07-14,68,leaf_stem,0.248368876462696
2025,1,AC,2,2025-07-14,68,leaf_stem,0.21643350532828
2025,1,HTI,3,2025-07-14,68,leaf_stem,0.207099408401891
2025,2,AC,4,2025-07-14,68,leaf_stem,0.249983187965721
2025,2,HB,5,2025-07-14,68,leaf_stem,0.227609477127363
2025,2,HTI,6,2025-07-14,68,leaf_stem,0.204873161571051
2025,3,HTI,7,2025-07-14,68,leaf_stem,0.177046388992854
2025,3,AC,9,2025-07-14,68,leaf_stem,0.241951845728388
2025,4,AC,10,2025-07-14,68,leaf_stem,0.20822760551118
2025,4,HTI,11,2025-07-14,68,leaf_stem,0.17839725100858
2025,4,HB,12,2025-07-14,68,leaf_stem,0.19056788974924
2025,1,HB,1,2025-07-29,83,leaf_stem,0.0864256810519637
2025,1,AC,2,2025-07-29,83,leaf_stem,0.127961932721276
2025,1,HTI,3,2025-07-29,83,leaf_stem,0.153972968967268
2025,2,AC,4,2025-07-29,83,leaf_stem,0.142119466777804
2025,2,HB,5,2025-07-29,83,leaf_stem,0.0842076014100224
2025,2,HTI,6,2025-07-29,83,leaf_stem,0.136688673320897
2025,3,HTI,7,2025-07-29,83,leaf_stem,0.10512466448525
2025,3,AC,9,2025-07-29,83,leaf_stem,0.190220937382817
2025,4,AC,10,2025-07-29,83,leaf_stem,0.135782900391165
2025,4,HTI,11,2025-07-29,83,leaf_stem,0.14089133320188
2025,4,HB,12,2025-07-29,83,leaf_stem,0.152821056624348
2025,1,HB,1,2025-08-11,96,leaf_stem,0.0167237557928672
2025,1,AC,2,2025-08-11,96,leaf_stem,0.0180255274811149
2025,1,HTI,3,2025-08-11,96,leaf_stem,0.0165708123652049
2025,2,AC,4,2025-08-11,96,leaf_stem,0.0255328499230938
2025,2,HB,5,2025-08-11,96,leaf_stem,
2025,2,HTI,6,2025-08-11,96,leaf_stem,0.0230174634984254
2025,3,HTI,7,2025-08-11,96,leaf_stem,0.0195188203337214
2025,3,AC,9,2025-08-11,96,leaf_stem,0.00751824817518248
2025,4,AC,10,2025-08-11,96,leaf_stem,0.0299390077023965
2025,4,HTI,11,2025-08-11,96,leaf_stem,0.0191329720716965
2025,4,HB,12,2025-08-11,96,leaf_stem,0.0223481608212147
2025,1,HB,1,2025-08-26,111,leaf_stem,
2025,1,AC,2,2025-08-26,111,leaf_stem,
2025,1,HTI,3,2025-08-26,111,leaf_stem,
2025,2,AC,4,2025-08-26,111,leaf_stem,
2025,2,HB,5,2025-08-26,111,leaf_stem,
2025,2,HTI,6,2025-08-26,111,leaf_stem,
2025,3,HTI,7,2025-08-26,111,leaf_stem,
2025,3,AC,9,2025-08-26,111,leaf_stem,
2025,4,AC,10,2025-08-26,111,leaf_stem,
2025,4,HTI,11,2025-08-26,111,leaf_stem,
2025,4,HB,12,2025-08-26,111,leaf_stem,
2024,1,AC,2,2024-06-24,42,HI,0.00313802145211283
2024,1,HE,3,2024-06-24,42,HI,0.000293115133931041
2024,2,AC,4,2024-06-24,42,HI,0.000325567182280109
2024,2,HE,6,2024-06-24,42,HI,8.50763658062315e-05
2024,3,HE,7,2024-06-24,42,HI,2.05667933603497e-05
2024,3,AC,9,2024-06-24,42,HI,0.000160461374616361
2024,4,AC,10,2024-06-24,42,HI,0.00218024416023989
2024,4,HE,11,2024-06-24,42,HI,0.000145159911156724
2024,1,AC,2,2024-07-05,53,HI,0.0111184897010385
2024,1,HE,3,2024-07-05,53,HI,0.0141533005898991
2024,2,AC,4,2024-07-05,53,HI,0.0185845183733524
2024,2,HE,6,2024-07-05,53,HI,0.00904197466884916
2024,3,HE,7,2024-07-05,53,HI,0.0057973525914041
2024,3,AC,9,2024-07-05,53,HI,0.0133986907504011
2024,4,AC,10,2024-07-05,53,HI,0.0155535328274669
2024,4,HE,11,2024-07-05,53,HI,0.00768228353716573
2024,1,HTI,1,2024-07-15,63,HI,0.0350248525086312
2024,1,AC,2,2024-07-15,63,HI,0.0318793011083738
2024,2,AC,4,2024-07-15,63,HI,0.0278934449569745
2024,2,HTI,5,2024-07-15,63,HI,0.0161887940930638
2024,3,HTI,8,2024-07-15,63,HI,0.0216801923224139
2024,3,AC,9,2024-07-15,63,HI,0.0313202999847042
2024,4,AC,10,2024-07-15,63,HI,0.0416928563012254
2024,4,HTI,12,2024-07-15,63,HI,0.035024328693688
2024,1,HTI,1,2024-07-29,77,HI,0.0564281583381515
2024,1,AC,2,2024-07-29,77,HI,0.0657063811959584
2024,1,HE,3,2024-07-29,77,HI,0.0602499086882271
2024,2,AC,4,2024-07-29,77,HI,0.0588276844864389
2024,2,HTI,5,2024-07-29,77,HI,0.0586883547785063
2024,2,HE,6,2024-07-29,77,HI,0.0679892607925023
2024,3,HE,7,2024-07-29,77,HI,0.060788844526138
2024,3,HTI,8,2024-07-29,77,HI,0.0553414748350452
2024,3,AC,9,2024-07-29,77,HI,0.0598643227104634
2024,4,AC,10,2024-07-29,77,HI,0.0648833810818
2024,4,HE,11,2024-07-29,77,HI,0.0604614279003332
2024,4,HTI,12,2024-07-29,77,HI,0.0571793588080033
2024,1,HTI,1,2024-08-19,98,HI,0.0756766418087166
2024,1,AC,2,2024-08-19,98,HI,0.0746738184470451
2024,1,HE,3,2024-08-19,98,HI,0.0781832705381492
2024,2,AC,4,2024-08-19,98,HI,0.0767094799757928
2024,2,HTI,5,2024-08-19,98,HI,0.0810548730352735
2024,2,HE,6,2024-08-19,98,HI,0.0759391211080447
2024,3,HE,7,2024-08-19,98,HI,0.0781404319885352
2024,3,HTI,8,2024-08-19,98,HI,0.0837578663449874
2024,3,AC,9,2024-08-19,98,HI,0.073903777081823
2024,4,AC,10,2024-08-19,98,HI,0.0787806668490017
2024,4,HE,11,2024-08-19,98,HI,0.0807360410366575
2024,4,HTI,12,2024-08-19,98,HI,0.0748415190842202
2024,1,HTI,1,2024-09-08,118,HI,0.0819247217327409
2024,1,AC,2,2024-09-08,118,HI,0.0806452299914298
2024,1,HE,3,2024-09-08,118,HI,0.0873417249787044
2024,2,AC,4,2024-09-08,118,HI,0.0796360534956354
2024,2,HTI,5,2024-09-08,118,HI,0.0759474782209091
2024,2,HE,6,2024-09-08,118,HI,0.0807237676043737
2024,3,HE,7,2024-09-08,118,HI,0.0815096578354073
2024,3,HTI,8,2024-09-08,118,HI,0.0803466632975629
2024,3,AC,9,2024-09-08,118,HI,0.082310978583086
2024,4,AC,10,2024-09-08,118,HI,0.085699277716871
2024,4,HE,11,2024-09-08,118,HI,0.083545282959982
2024,4,HTI,12,2024-09-08,118,HI,0.0848264317941331
2025,1,HB,1,2025-07-02,56,HI,0.0594002374226821
2025,1,AC,2,2025-07-02,56,HI,0.0609698904881067
2025,1,HTI,3,2025-07-02,56,HI,0.0514641827416738
2025,2,AC,4,2025-07-02,56,HI,0.0597396537320586
2025,2,HB,5,2025-07-02,56,HI,0.0648426325981123
2025,2,HTI,6,2025-07-02,56,HI,0.0612941185265222
2025,3,HTI,7,2025-07-02,56,HI,0.0520387816506776
2025,3,AC,9,2025-07-02,56,HI,0.0668789790719744
2025,4,AC,10,2025-07-02,56,HI,0.0609573171099219
2025,4,HTI,11,2025-07-02,56,HI,0.0452075373475347
2025,4,HB,12,2025-07-02,56,HI,0.0533267285692951
2025,1,HB,1,2025-07-14,68,HI,0.0719566866239857
2025,1,AC,2,2025-07-14,68,HI,0.0755471652808616
2025,1,HTI,3,2025-07-14,68,HI,0.0720581125522439
2025,2,AC,4,2025-07-14,68,HI,0.0700412756700062
2025,2,HB,5,2025-07-14,68,HI,0.0766508275788002
2025,2,HTI,6,2025-07-14,68,HI,0.0744742725346485
2025,3,HTI,7,2025-07-14,68,HI,0.0678161688014782
2025,3,AC,9,2025-07-14,68,HI,0.0759721556696012
2025,4,AC,10,2025-07-14,68,HI,0.06900469504951
2025,4,HTI,11,2025-07-14,68,HI,0.0686758867898815
2025,4,HB,12,2025-07-14,68,HI,0.0739788494401383
2025,1,HB,1,2025-07-29,83,HI,0.0754457890925428
2025,1,AC,2,2025-07-29,83,HI,0.0815280212394046
2025,1,HTI,3,2025-07-29,83,HI,0.0807908924927953
2025,2,AC,4,2025-07-29,83,HI,0.0809772614910343
2025,2,HB,5,2025-07-29,83,HI,0.0826767692837853
2025,2,HTI,6,2025-07-29,83,HI,0.0820734289046463
2025,3,HTI,7,2025-07-29,83,HI,0.0741626803705374
2025,3,AC,9,2025-07-29,83,HI,0.0819437243339571
2025,4,AC,10,2025-07-29,83,HI,0.0765437749184468
2025,4,HTI,11,2025-07-29,83,HI,0.0769688995256534
2025,4,HB,12,2025-07-29,83,HI,0.0802047522990597
2025,1,HB,1,2025-08-11,96,HI,0.0808659521066993
2025,1,AC,2,2025-08-11,96,HI,0.0810006729642604
2025,1,HTI,3,2025-08-11,96,HI,0.083982785219272
2025,2,AC,4,2025-08-11,96,HI,0.0816418656999861
2025,2,HB,5,2025-08-11,96,HI,0.0856272123706293
2025,2,HTI,6,2025-08-11,96,HI,0.0841010030283661
2025,3,HTI,7,2025-08-11,96,HI,0.0797563024554716
2025,3,AC,9,2025-08-11,96,HI,0.0857416415386116
2025,4,AC,10,2025-08-11,96,HI,0.0822353137256856
2025,4,HTI,11,2025-08-11,96,HI,0.0784502125977748
2025,4,HB,12,2025-08-11,96,HI,0.0860442417123972
2025,1,HB,1,2025-08-26,111,HI,0.0862967679896565
2025,1,AC,2,2025-08-26,111,HI,0.0859765316756469
2025,1,HTI,3,2025-08-26,111,HI,0.087929993916758
2025,2,AC,4,2025-08-26,111,HI,0.0855844252258394
2025,2,HB,5,2025-08-26,111,HI,0.0876256866291896
2025,2,HTI,6,2025-08-26,111,HI,0.086518504938348
2025,3,HTI,7,2025-08-26,111,HI,0.0866993483423629
2025,3,AC,9,2025-08-26,111,HI,0.0897074802458968
2025,4,AC,10,2025-08-26,111,HI,0.087684946142225
2025,4,HTI,11,2025-08-26,111,HI,0.0845867470068576
2025,4,HB,12,2025-08-26,111,HI,0.0881032336402794
